3,0.421
3,0.595
4,0.213
4,0.229
4,0.237
4,0.237
4,0.405
5,0.107
5,0.109
5,0.306
5,0.306
6,0.234
6,0.236
6,0.234
6,0.372
6,0.368
7,0.498
7,0.514
8,0.074
8,0.06
10,0.136
10,0.361
10,0.427
14,0.513
14,0.517
14,0.526
14,0.557
15,0.145
15,0.025
15,0.11
16,0.33
16,0.25
16,0.33
16,0.338
16,0.348
19,0.191
19,0.181
19,0.193
19,0.256
21,0.143
21,0.146
21,0.261
21,0.228
22,0.492
22,0.481
22,0.478
22,0.512
23,0.109
23,0.133
23,0.322
23,0.215
23,0.195
23,0.001
23,0.008
29,0.519
29,0.785
29,0.796
29,0.829
31,0.001
31,0.001
31,0.001
31,0.001
35,0.036
35,0.04
38,0.118
38,0.119
38,0.118
40,0.298
40,0.292
40,0.27
40,0.321
40,0.322
42,0.44
42,0.448
42,0.553
42,0.433
43,0.03
43,0.138
43,0.132
43,0.132
45,0.3
51,0.689
51,0.474
51,0.472
51,0.468
51,0.473
51,0.478
53,0.388
54,0.595
54,0.605
54,0.609
54,0.63
56,0.09
56,0.078
56,0.077
56,0.092
56,0.217
57,0.63
57,0.629
57,0.698
58,0.001
58,0.044
58,0.051
59,0.088
59,0.085
59,0.086
59,0.089
59,0.282
60,0.305
60,0.309
60,0.308
60,0.355
61,0.001
61,0.001
61,0.001
61,0.001
61,0.036
61,0.047
66,0.22
66,0.228
66,0.266
66,0.254
67,0.027
67,0.04
67,0.077
67,0.077
68,0.201
68,0.217
69,0.048
69,0.048
69,0.051
69,0.085
70,0.036
70,0.036
72,0.159
72,0.159
72,0.159
72,0.159
72,0.159
72,0.16
74,0.727
74,0.734
972,0.001
74,0.72
76,0.435
76,0.441
76,0.438
76,0.479
77,0.373
77,0.484
77,0.477
77,0.547
77,0.547
80,0.055
80,0.053
80,0.051
81,0.236
81,0.236
81,0.228
83,0.518
83,0.519
83,0.54
83,0.576
84,0.425
84,0.426
84,0.426
86,0.001
87,0.561
87,0.533
87,0.539
87,0.547
88,0.42
88,0.472
88,0.552
89,0.073
89,0.076
89,0.109
89,0.089
89,0.085
89,0.001
89,0.001
90,0.307
90,0.306
90,0.307
90,0.307
90,0.339
91,0.236
91,0.234
91,0.237
91,0.242
94,0.663
94,0.676
96,0.339
96,0.337
97,0.001
97,0.012
97,0.001
97,0.001
98,0.393
98,0.359
98,0.387
98,0.401
102,0.825
106,0.001
106,0.123
106,0.13
107,0.306
107,0.306
107,0.296
107,0.303
107,0.306
108,0.123
108,0.313
108,0.296
108,0.308
108,0.349
109,0.63
109,0.638
109,0.67
109,0.798
110,0.417
110,0.422
111,0.372
111,0.392
111,0.44
112,0.133
112,0.096
112,0.118
112,0.119
112,0.118
112,0.132
116,0.038
116,0.044
116,0.048
116,0.047
118,0.236
120,0.065
120,0.079
120,0.07
120,0.089
120,0.077
120,0.091
123,0.529
123,0.529
123,0.527
125,0.006
125,0.095
125,0.006
125,0.006
125,0.084
125,0.101
126,0.428
126,0.442
126,0.479
126,0.465
126,0.478
126,0.685
126,0.681
127,0.082
127,0.098
127,0.101
127,0.181
127,0.174
128,0.445
128,0.47
128,0.481
128,0.675
128,0.747
130,0.007
130,0.008
130,0.008
130,0.236
130,0.237
138,0.109
138,0.113
138,0.124
139,0.44
139,0.576
139,0.728
141,0.018
141,0.123
141,0.122
141,0.13
141,0.123
141,0.228
142,0.217
142,0.076
142,0.077
142,0.098
142,0.089
142,0.202
142,0.202
147,0.699
147,0.812
147,0.834
150,0.355
150,0.383
150,0.377
150,0.501
150,0.451
150,0.515
155,0.609
155,0.612
155,0.621
156,0.268
156,0.181
156,0.127
156,0.271
158,0.108
158,0.11
158,0.109
158,0.119
159,0.017
160,0.444
160,0.555
160,0.567
161,0.226
161,0.236
162,0.079
162,0.288
162,0.356
162,0.272
166,0.251
166,0.249
166,0.364
166,0.252
166,0.423
169,0.252
169,0.328
169,0.343
171,0.109
171,0.249
171,0.264
172,0.119
172,0.118
172,0.075
172,0.144
172,0.128
172,0.18
173,0.096
173,0.227
173,0.212
173,0.227
173,0.261
176,0.314
176,0.355
176,0.408
176,0.414
177,0.429
177,0.419
177,0.421
177,0.587
183,0.608
183,0.776
184,0.134
184,0.02
184,0.025
184,0.019
186,0.129
186,0.142
186,0.14
186,0.123
186,0.182
186,0.007
187,0.401
187,0.396
187,0.479
187,0.479
187,0.487
188,0.159
188,0.159
194,0.163
194,0.227
194,0.165
195,0.325
195,0.609
196,0.073
196,0.097
196,0.109
200,0.048
200,0.048
200,0.048
200,0.048
200,0.048
200,0.048
200,0.048
204,0.367
204,0.408
204,0.495
204,0.495
204,0.486
204,0.549
204,0.569
210,0.019
210,0.035
210,0.12
210,0.076
210,0.119
210,0.081
213,0.481
213,0.306
213,0.495
214,0.001
214,0.271
214,0.272
214,0.44
214,0.44
214,0.441
214,0.525
216,0.588
217,0.48
219,0.417
223,0.408
223,0.462
223,0.42
223,0.486
223,0.528
225,0.1
225,0.092
225,0.09
225,0.09
225,0.12
227,0.504
229,0.043
229,0.047
229,0.043
230,0.241
230,0.235
230,0.238
230,0.236
231,0.307
231,0.519
231,0.545
231,0.648
232,0.001
243,0.359
243,0.543
245,0.031
245,0.055
249,0.531
249,0.534
249,0.658
256,0.426
256,0.441
256,0.439
256,0.433
256,0.732
912,0.334
257,0.245
257,0.254
257,0.247
257,0.252
257,0.292
257,0.349
258,0.369
259,0.46
259,0.307
259,0.307
259,0.307
259,0.555
259,0.574
260,0.046
260,0.042
260,0.04
260,0.048
260,0.045
266,0.762
266,0.757
266,0.765
269,0.439
269,0.658
269,0.666
269,0.668
269,0.709
272,0.001
272,0.045
272,0.048
272,0.001
272,0.048
273,0.326
273,0.322
273,0.321
273,0.32
273,0.408
273,0.347
276,0.001
276,0.001
276,0.001
276,0.001
276,0.001
276,0.001
276,0.001
282,0.135
282,0.141
282,0.142
282,0.079
283,0.017
283,0.003
283,0.08
284,0.39
284,0.557
284,0.573
285,0.048
285,0.125
285,0.221
285,0.149
285,0.228
286,0.595
286,0.605
286,0.605
286,0.669
289,0.273
289,0.288
290,0.5
291,0.028
291,0.059
291,0.031
291,0.001
291,0.028
291,0.029
292,0.236
292,0.409
292,0.375
292,0.413
293,0.116
294,0.35
294,0.352
294,0.508
294,0.35
295,0.007
295,0.007
295,0.007
295,0.007
295,0.062
295,0.111
295,0.005
295,0.005
296,0.048
296,0.048
296,0.085
296,0.054
296,0.208
298,0.04
298,0.048
298,0.044
298,0.047
298,0.048
298,0.049
298,0.087
299,0.07
300,0.236
300,0.239
300,0.375
300,0.435
301,0.187
301,0.144
301,0.007
301,0.166
301,0.184
301,0.008
301,0.001
301,0.001
307,0.016
307,0.001
307,0.023
307,0.021
307,0.001
307,0.004
307,0.13
310,0.426
310,0.542
310,0.546
311,0.253
312,0.198
314,0.366
314,0.394
314,0.39
314,0.447
314,0.504
314,0.508
315,0.109
316,0.421
319,0.066
319,0.055
321,0.272
321,0.3
324,0.432
324,0.438
324,0.444
324,0.43
324,0.439
324,0.494
325,0.424
325,0.591
325,0.593
325,0.596
326,0.438
327,0.048
327,0.001
327,0.001
331,0.479
331,0.53
331,0.524
331,0.489
331,0.527
331,0.712
331,0.692
332,0.682
335,0.411
336,0.415
336,0.479
336,0.469
337,0.273
341,0.595
341,0.609
343,0.582
343,0.65
343,0.651
344,0.377
344,0.478
344,0.435
344,0.479
344,0.485
344,0.484
351,0.465
351,0.455
351,0.486
351,0.448
352,0.247
352,0.247
352,0.247
352,0.247
359,0.073
359,0.121
359,0.12
359,0.228
359,0.224
359,0.149
361,0.582
361,0.052
361,0.054
361,0.047
361,0.063
361,0.463
361,0.468
362,0.478
362,0.479
362,0.526
362,0.658
366,0.805
366,0.846
369,0.076
369,0.12
370,0.001
370,0.001
370,0.272
370,0.109
374,0.477
374,0.519
374,0.516
376,0.34
376,0.58
376,0.589
376,0.591
376,0.591
376,0.71
377,0.133
378,0.733
378,0.243
378,0.217
378,0.409
378,0.416
378,0.418
382,0.228
382,0.087
382,0.119
382,0.087
382,0.122
382,0.124
384,0.265
384,0.268
384,0.293
384,0.285
384,0.273
384,0.296
386,0.001
386,0.011
386,0.014
388,0.549
388,0.577
388,0.578
388,0.747
388,0.577
388,0.808
389,0.375
389,0.457
389,0.474
390,0.573
393,0.044
393,0.077
394,0.34
394,0.591
394,0.604
401,0.411
401,0.415
401,0.42
401,0.478
403,0.132
403,0.188
403,0.216
403,0.236
403,0.338
404,0.513
404,0.518
404,0.519
404,0.526
405,0.159
405,0.159
408,0.647
408,0.646
408,0.646
408,0.646
408,0.646
410,0.143
410,0.136
410,0.128
410,0.135
413,0.048
413,0.046
413,0.048
413,0.048
413,0.048
413,0.077
413,0.001
414,0.443
414,0.436
414,0.429
414,0.44
414,0.443
416,0.273
416,0.279
416,0.277
416,0.284
416,0.317
419,0.001
419,0.001
419,0.001
419,0.043
419,0.047
419,0.048
420,0.001
420,0.044
420,0.046
420,0.084
423,0.541
425,0.53
429,0.029
429,0.036
429,0.036
429,0.03
429,0.072
429,0.143
431,0.045
433,0.02
433,0.023
434,0.348
434,0.508
434,0.508
434,0.508
441,0.204
441,0.109
441,0.2
441,0.26
442,0.424
442,0.469
443,0.083
443,0.078
443,0.082
443,0.077
443,0.076
443,0.082
448,0.236
448,0.236
448,0.236
448,0.236
448,0.237
449,0.439
449,0.441
449,0.505
449,0.501
454,0.001
454,0.05
454,0.046
454,0.046
454,0.045
457,0.867
458,0.218
458,0.225
458,0.281
458,0.485
461,0.339
461,0.577
464,0.042
464,0.04
464,0.048
467,0.273
470,0.493
470,0.498
470,0.516
472,0.198
472,0.066
478,0.048
478,0.048
478,0.236
479,0.33
481,0.001
481,0.142
481,0.144
484,0.055
484,0.076
485,0.256
485,0.3
485,0.306
485,0.306
487,0.409
487,0.523
487,0.525
488,0.199
488,0.202
488,0.202
488,0.202
489,0.185
489,0.212
497,0.595
498,0.048
498,0.048
498,0.054
498,0.054
500,0.001
501,0.161
502,0.104
502,0.101
502,0.484
502,0.504
502,0.489
505,0.486
505,0.495
505,0.497
505,0.499
505,0.514
507,0.745
507,0.792
507,0.818
507,0.816
507,0.864
507,0.916
513,0.328
513,0.33
513,0.343
513,0.34
513,0.481
513,0.553
516,0.001
517,0.624
519,0.186
519,0.218
519,0.212
519,0.238
519,0.248
522,0.511
522,0.307
522,0.306
522,0.505
525,0.249
525,0.252
525,0.297
525,0.298
526,0.126
526,0.132
526,0.133
526,0.191
528,0.533
528,0.535
528,0.532
534,0.082
534,0.117
534,0.081
534,0.138
534,0.116
535,0.477
539,0.376
539,0.374
539,0.377
539,0.397
539,0.472
543,0.54
543,0.664
543,0.697
544,0.434
545,0.066
545,0.046
545,0.058
545,0.048
545,0.048
545,0.213
546,0.019
546,0.001
546,0.181
546,0.137
547,0.048
547,0.049
547,0.076
547,0.112
548,0.075
548,0.044
548,0.127
548,0.087
548,0.126
548,0.226
549,0.307
549,0.388
549,0.507
549,0.507
551,0.387
551,0.469
551,0.389
551,0.443
551,0.461
551,0.491
552,0.715
552,0.754
552,0.775
552,0.781
552,0.81
553,0.001
553,0.001
553,0.001
554,0.439
554,0.599
555,0.012
557,0.202
557,0.203
557,0.203
557,0.255
557,0.198
558,0.218
558,0.232
558,0.236
559,0.122
559,0.204
563,0.494
566,0.825
567,0.627
568,0.375
568,0.252
568,0.493
568,0.492
568,0.522
576,0.001
576,0.001
576,0.001
577,0.441
577,0.473
577,0.508
578,0.068
578,0.067
578,0.087
578,0.084
579,0.182
579,0.213
601,0.306
601,0.294
601,0.306
601,0.307
601,0.593
602,0.122
602,0.061
602,0.12
602,0.121
602,0.067
605,0.001
605,0.001
606,0.535
606,0.543
607,0.023
607,0.027
607,0.122
607,0.089
608,0.651
608,0.657
608,0.659
608,0.793
610,0.217
610,0.201
610,0.217
610,0.217
610,0.307
611,0.675
611,0.649
611,0.693
618,0.076
618,0.013
618,0.133
618,0.088
618,0.025
618,0.087
621,0.257
622,0.356
622,0.436
622,0.443
622,0.569
625,0.608
625,0.653
626,0.155
626,0.184
626,0.236
626,0.236
626,0.346
629,0.623
631,0.411
631,0.413
631,0.456
631,0.581
634,0.153
634,0.001
637,0.248
637,0.247
637,0.248
637,0.248
637,0.351
638,0.551
638,0.564
638,0.57
642,0.539
642,0.562
643,0.026
643,0.085
644,0.606
644,0.6
644,0.637
644,0.638
644,0.638
644,0.639
644,0.654
644,0.868
647,0.235
647,0.234
647,0.237
647,0.237
648,0.001
648,0.09
649,0.161
649,0.237
649,0.335
649,0.351
649,0.406
656,0.159
656,0.159
656,0.159
656,0.159
656,0.159
656,0.159
657,0.043
657,0.098
657,0.086
658,0.202
658,0.202
658,0.161
658,0.165
658,0.156
667,0.512
667,0.521
667,0.637
667,0.842
668,0.023
668,0.029
668,0.228
669,0.263
669,0.296
669,0.506
671,0.438
671,0.246
671,0.44
671,0.44
671,0.451
671,0.521
672,0.159
672,0.159
672,0.159
672,0.159
673,0.236
673,0.241
673,0.444
675,0.44
677,0.048
677,0.048
677,0.054
677,0.109
679,0.086
679,0.082
679,0.082
679,0.192
679,0.08
679,0.08
680,0.123
680,0.126
680,0.198
681,0.037
681,0.077
681,0.099
681,0.097
682,0.524
682,0.682
684,0.028
684,0.073
685,0.006
685,0.001
685,0.008
685,0.008
685,0.141
685,0.001
686,0.188
690,0.457
690,0.458
692,0.236
692,0.236
692,0.236
692,0.236
695,0.253
695,0.857
698,0.272
698,0.307
698,0.306
698,0.306
698,0.419
698,0.595
698,0.599
702,0.651
702,0.702
702,0.651
702,0.652
702,0.651
708,0.142
708,0.127
708,0.153
708,0.16
708,0.246
709,0.148
709,0.237
709,0.236
709,0.236
711,0.181
711,0.236
715,0.237
715,0.066
715,0.297
717,0.21
717,0.109
717,0.209
717,0.15
720,0.57
720,0.585
721,0.395
721,0.475
722,0.507
722,0.598
792,0.204
722,0.595
722,0.598
724,0.679
724,0.892
725,0.413
725,0.358
725,0.42
725,0.445
725,0.576
726,0.109
729,0.239
729,0.253
729,0.436
729,0.44
729,0.554
730,0.553
730,0.58
730,0.622
731,0.001
731,0.029
731,0.043
731,0.11
731,0.11
733,0.545
733,0.544
733,0.786
733,0.777
734,0.16
734,0.164
734,0.161
734,0.165
734,0.306
739,0.389
739,0.39
739,0.473
739,0.455
740,0.541
740,0.543
740,0.654
741,0.233
741,0.235
741,0.235
741,0.49
741,0.5
741,0.525
741,0.527
746,0.131
746,0.119
746,0.126
746,0.211
746,0.202
747,0.639
748,0.036
748,0.273
748,0.277
748,0.312
748,0.313
751,0.274
751,0.265
751,0.595
753,0.644
753,0.675
753,0.757
754,0.426
759,0.502
759,0.509
759,0.561
760,0.553
760,0.573
760,0.745
760,0.783
767,0.158
767,0.142
767,0.146
767,0.144
767,0.185
769,0.652
770,0.091
770,0.149
770,0.154
771,0.284
771,0.284
771,0.279
771,0.122
778,0.001
778,0.043
778,0.05
778,0.068
779,0.025
779,0.144
779,0.151
779,0.141
783,0.23
786,0.424
786,0.236
790,0.138
790,0.196
790,0.219
792,0.201
792,0.202
793,0.507
793,0.507
793,0.507
793,0.663
800,0.049
800,0.049
800,0.074
802,0.059
802,0.074
802,0.058
802,0.048
802,0.088
810,0.013
812,0.427
812,0.58
813,0.163
813,0.256
813,0.248
813,0.324
813,0.33
814,0.639
814,0.663
814,0.692
816,0.361
818,0.076
821,0.133
821,0.206
824,0.151
824,0.152
824,0.153
824,0.202
829,0.523
829,0.528
829,0.55
829,0.743
832,0.237
834,0.467
834,0.589
834,0.684
834,0.687
835,0.203
835,0.204
835,0.204
835,0.204
835,0.228
835,0.404
835,0.41
835,0.416
836,0.187
836,0.206
836,0.216
839,0.291
839,0.283
839,0.294
839,0.303
839,0.306
841,0.048
842,0.001
842,0.001
842,0.001
843,0.594
843,0.582
843,0.594
843,0.601
843,0.681
850,0.351
850,0.42
850,0.42
850,0.507
851,0.267
851,0.327
851,0.281
852,0.476
852,0.482
852,0.484
853,0.222
853,0.22
856,0.771
856,0.816
856,0.813
856,0.832
860,0.515
860,0.519
862,0.195
862,0.201
862,0.212
863,0.719
867,0.604
869,0.252
869,0.373
869,0.408
869,0.482
873,0.487
873,0.505
873,0.506
873,0.494
874,0.514
878,0.227
878,0.506
878,0.532
883,0.179
883,0.226
883,0.226
883,0.349
886,0.158
886,0.157
886,0.08
887,0.158
887,0.439
887,0.43
887,0.44
890,0.165
890,0.261
891,0.572
892,0.077
892,0.117
892,0.568
896,0.128
896,0.18
896,0.236
896,0.377
898,0.135
898,0.201
898,0.201
898,0.217
899,0.123
899,0.11
899,0.11
899,0.25
899,0.245
904,0.305
904,0.001
904,0.344
904,0.367
906,0.228
906,0.439
906,0.34
906,0.524
906,0.497
906,0.54
906,0.754
906,0.794
908,0.576
908,0.581
908,0.573
908,0.59
909,0.478
909,0.48
909,0.483
909,0.502
909,0.522
912,0.322
912,0.238
912,0.241
912,0.245
913,0.904
913,0.922
913,1
915,0.355
915,0.417
915,0.411
915,0.411
917,0.236
917,0.237
919,0.507
919,0.491
919,0.495
919,0.507
919,0.507
919,0.508
920,0.26
920,0.356
922,0.083
922,0.415
923,0.001
923,0.001
923,0.001
924,0.398
924,0.477
926,0.299
928,0.001
928,0.004
928,0.225
928,0.109
931,0.081
931,0.081
932,0.257
932,0.257
932,0.257
932,0.336
932,0.342
934,0.165
934,0.149
934,0.152
934,0.148
934,0.159
938,0.837
941,0.591
941,0.598
941,0.629
941,0.659
941,0.671
947,0.217
947,0.257
950,0.727
951,0.627
951,0.644
951,0.645
951,0.681
952,0.34
952,0.328
952,0.329
952,0.347
952,0.481
954,0.502
954,0.506
956,0.048
957,0.236
957,0.165
961,0.666
961,0.676
963,0.048
963,0.166
963,0.091
963,0.165
963,0.142
967,0.028
969,0.109
969,0.109
969,0.185
972,0.008
972,0.001
972,0.08
973,0.329
973,0.179
973,0.237
973,0.237
973,0.237
976,0.251
976,0.137
976,0.248
978,0.236
978,0.227
978,0.236
978,0.227
978,0.236
979,0.4
979,0.409
979,0.41
979,0.554
981,0.016
981,0.018
981,0.115
982,0.322
982,0.323
982,0.327
982,0.489
984,0.093
984,0.26
984,0.154
984,0.268
985,0.203
985,0.237
985,0.149
985,0.152
985,0.258
989,0.202
989,0.201
989,0.263
989,0.259
991,0.419
991,0.424
991,0.426
994,0.39
994,0.551
994,0.574
994,0.693
995,0.401
995,0.376
996,0.09
996,0.12
1001,0.548
1001,0.638
1002,0.038
1004,0.364
1004,0.57
1004,0.578
1007,0.426
1007,0.426
1007,0.426
1007,0.426
1007,0.426
1007,0.426
1010,0.247
1010,0.247
1010,0.247
1010,0.641
1010,0.641
1010,0.788
1013,0.273
1013,0.328
1014,0.244
1014,0.087
1014,0.088
1015,0.823
1015,0.841
1016,0.001
1016,0.001
1016,0.026
1018,0.181
1018,0.19
1018,0.204
1018,0.348
1023,0.181
1023,0.119
1023,0.184
1023,0.246
1023,0.202
1027,0.441
1027,0.462
1028,0.515
1028,0.572
1030,0.001
1030,0.166
1030,0.271
1030,0.272
1030,0.683
1031,0.642
1031,0.645
1034,0.306
1034,0.295
1034,0.306
1035,0.241
1035,0.239
1035,0.24
1037,0.357
1037,0.271
1038,0.122
1038,0.349
1043,0.56
1044,0.44
1044,0.583
1045,0.484
1045,0.498
1045,0.491
1045,0.499
1052,0.011
1052,0.075
1052,0.071
1054,0.428
1054,0.593
1054,0.733
1057,0.228
1057,0.169
1057,0.228
1057,0.443
1057,0.558
1059,0.397
1059,0.589
1062,0.151
1062,0.357
1062,0.208
1063,0.206
1063,0.217
1063,0.228
1063,0.468
1066,0.483
1066,0.536
1072,0.12
1072,0.186
1072,0.125
1072,0.182
1072,0.196
1073,0.633
1074,0.135
1074,0.142
1074,0.146
1075,0.08
1077,0.093
1077,0.001
1078,0.151
1078,0.067
1078,0.12
1078,0.165
1078,0.165
1078,0.352
1078,0.362
1081,0.682
1081,0.763
1082,0.666
1082,0.682
1082,0.686
1086,0.001
1086,0.001
1086,0.038
1086,0.001
1088,0.168
1088,0.165
1088,0.204
1092,0.048
1092,0.076
1092,0.096
1092,0.095
1094,0.611
1094,0.611
1094,0.654
1097,0.357
1097,0.407
1097,0.425
1097,0.423
1097,0.483
1097,0.517
1098,0.039
1098,0.075
1098,0.092
1098,0.09
1098,0.128
1098,0.166
1102,0.646
1103,0.123
1103,0.269
1103,0.271
1104,0.15
1106,0.027
1106,0.012
1106,0.036
1106,0.363
1106,0.039
1109,0.42
1109,0.49
1109,0.508
1109,0.512
1114,0.212
1117,0.263
1117,0.314
1117,0.347
1117,0.388
1118,0.166
1118,0.308
1118,0.244
1118,0.244
1118,0.309
771,0.302
1119,0.302
1121,0.796
1121,0.791
1121,0.818
1121,0.865
1121,0.888
1121,0.895
1122,0.272
1122,0.272
1122,0.122
1122,0.123
1122,0.272
1122,0.28
1122,0.284
1123,0.235
1123,0.236
1123,0.236
1123,0.236
1123,0.236
1123,0.236
1130,0.306
1130,0.306
1130,0.508
1130,0.508
1133,0.355
1135,0.312
1135,0.352
1135,0.356
1135,0.449
1135,0.481
1137,0.648
1138,0.514
1138,0.519
1140,0.001
1140,0.001
1140,0.001
1140,0.001
1144,0.405
1144,0.438
1144,0.439
1144,0.549
1148,0.44
1148,0.44
1148,0.461
1152,0.492
1155,0.167
1155,0.189
1155,0.195
1155,0.339
1155,0.008
1164,0.768
1169,0.517
1169,0.526
1169,0.524
1170,0.536
1170,0.539
1170,0.543
1170,0.607
1171,0.587
1171,0.591
1171,0.721
1175,0.078
1175,0.094
1175,0.272
1182,0.187
1182,0.186
1182,0.137
1182,0.199
1182,0.185
1182,0.202
1183,0.333
1185,0.81
1186,0.216
1186,0.22
1186,0.196
1186,0.122
1186,0.001
1187,0.072
1187,0.042
1187,0.196
1187,0.087
1187,0.073
1187,0.271
1188,0.189
1190,0.001
1190,0.001
1190,0.001
1190,0.001
1190,0.001
1194,0.307
1194,0.349
1194,0.49
1194,0.481
1194,0.513
1195,0.236
1195,0.344
1195,0.236
1197,0.039
1197,0.044
1200,0.007
1201,0.752
1201,0.81
1202,0.531
1202,0.546
1202,0.554
1202,0.562
1204,0.403
1204,0.405
1205,0.373
1206,0.084
1206,0.121
1206,0.091
1206,0.083
1206,0.132
1209,0.521
1209,0.524
1209,0.543
1213,0.603
1213,0.606
1213,0.744
1213,0.752
1217,0.554
1217,0.57
1217,0.578
1217,0.638
1217,0.64
1217,0.697
1221,0.519
1222,0.285
1222,0.297
1222,0.28
1222,0.307
1225,0.426
1225,0.467
1226,0.506
1227,0.316
1227,0.31
1227,0.317
1227,0.337
1231,0.236
1231,0.138
1232,0.04
1232,0.08
1232,0.04
1232,0.075
1232,0.095
1232,0.142
1240,0.426
1240,0.428
1240,0.465
1240,0.578
1240,0.595
1241,0.166
1241,0.166
1241,0.164
1241,0.226
1242,0.258
1242,0.252
1243,0.422
1245,0.001
1245,0.262
1246,0.139
1246,0.159
1246,0.159
1247,0.233
1247,0.354
1247,0.354
1247,0.357
1247,0.36
1249,0.498
1249,0.248
1249,0.306
1249,0.306
1249,0.306
1251,0.001
1251,0.048
1251,0.053
1251,0.048
1253,0.552
1253,0.555
1254,0.646
1254,0.652
1254,0.666
1255,0.003
1255,0.001
1255,0.417
1256,0.09
1256,0.1
1256,0.122
1260,0.279
1260,0.263
1260,0.268
1260,0.269
1260,0.281
1261,0.232
1261,0.247
1262,0.474
1262,0.55
1262,0.552
1262,0.626
1265,0.072
1265,0.103
1265,0.127
1265,0.219
1265,0.22
1267,0.081
1267,0.089
1267,0.082
1267,0.117
1267,0.084
1268,0.109
1268,0.109
1268,0.276
1268,0.109
1269,0.132
1269,0.118
1269,0.193
1269,0.133
1269,0.18
1269,0.202
1269,0.204
1275,0.089
1275,0.087
1275,0.145
1275,0.091
1276,0.606
1277,0.66
1277,0.669
1279,0.19
1279,0.18
1279,0.124
1279,0.204
1279,0.204
1280,0.119
1280,0.125
1280,0.18
1280,0.142
1280,0.13
1282,0.368
1282,0.376
1282,0.398
1282,0.402
1282,0.406
1282,0.589
1283,0.984
1283,1
1284,0.314
1284,0.677
1284,0.677
1286,0.234
1288,0.125
1288,0.149
1288,0.123
1288,0.151
1288,0.125
1289,0.519
1290,0.37
1290,0.376
1293,0.435
1293,0.434
1293,0.482
1299,0.538
1299,0.635
1299,0.656
1299,0.64
1300,0.039
1300,0.057
1300,0.145
1300,0.13
1300,0.151
1301,0.237
1301,0.237
1301,0.247
1307,0.094
1307,0.109
1307,0.139
1309,0.271
1309,0.439
1309,0.44
1309,0.44
1309,0.44
1314,0.064
1314,0.099
1315,0.217
1315,0.252
1315,0.325
1315,0.259
1315,0.254
1315,0.353
1318,0.539
1321,0.5
1321,0.547
1322,0.204
1322,0.182
1322,0.197
1326,0.529
1326,0.561
1337,0.25
1339,0.432
1341,0.548
1343,0.741
1346,0.433
1346,0.438
1346,0.437
1346,0.426
1346,0.566
1346,0.574
1346,0.68
1351,0.119
1351,0.237
1351,0.13
1351,0.251
1351,0.306
1351,0.524
1352,0.141
1354,0.668
1354,0.812
1377,0.399
1377,0.559
1378,0.116
1378,0.165
1379,1
1380,0.248
1380,0.139
1380,0.25
1384,0.758
1385,0.486
1385,0.485
1385,0.507
1385,0.509
1389,0.671
1389,0.698
1389,0.763
1389,0.788
1394,0.132
1394,0.507
1394,0.742
1394,0.759
1398,0.729
1398,0.732
1400,0.111
1402,0.793
1406,0.185
1406,0.193
1406,0.205
1407,0.488
1407,0.329
1408,0.013
1408,0.005
1408,0.005
1412,0.436
1412,0.427
1412,0.444
1414,0.175
1414,0.137
1417,0.444
1417,0.435
1417,0.441
1418,0.122
1418,0.272
1418,0.123
1418,0.147
1418,0.272
1418,0.272
1419,0.001
1419,0.004
1419,0.153
1419,0.151
1419,0.198
1420,0.042
1421,0.102
1421,0.142
1421,0.361
1421,0.452
1423,0.349
1423,0.466
1423,0.391
1425,0.133
1425,0.266
1427,0.066
1427,0.06
1427,0.066
1427,0.119
1427,0.054
1427,0.067
1430,0.37
2010,0.02
2027,0.046
2027,0.064
2027,0.069
2027,0.087
2031,0.604
2031,0.604
2042,0.552
2042,0.637
2042,0.644
2042,0.649
2057,0.022
729,0.593
2099,0.001
2099,0.001
2099,0.001
2106,0.159
2109,0.006
2109,0.013
2119,0.007
2119,0.007
2124,0.006
2125,0.001
2125,0.001
2130,0.306
2138,0.058
2138,0.06
2150,0.76
2151,0.073
2153,0.001
2153,0.001
2153,0.001
2164,0.001
2164,0.001
2167,0.005
2167,0.012
2167,0.069
2168,0.097
2171,0.046
2171,0.34
2171,0.344
2184,0.001
2184,0.001
2187,0.001
2190,0.096
2190,0.083
2190,0.264
2191,0.091
2191,0.109
2193,0.264
2194,0.273
2196,0.076
2196,0.126
2201,0.001
2201,0.001
2205,0.181
2216,0.001
2216,0.001
2216,0.738
2219,0.001
2219,0.001
2220,0.159
2240,0.001
2240,0.001
2245,0.237
2245,0.236
2245,0.237
2248,0.101
2248,0.109
2248,0.196
2263,0.001
2263,0.001
2263,0.001
2274,0.42
2274,0.449
2274,0.682
2284,0.001
2301,0.089
2301,0.078
2304,0.001
2304,0.001
2332,0.087
2332,0.071
2332,0.001
2336,0.001
2357,0.017
2357,0.052
2357,0.07
2360,0.001
2373,0.001
2373,0.229
2373,0.274
2374,0.056
2376,0.604
2378,0.001
2398,0.282
2398,0.497
2405,0.001
2405,0.001
2407,0.376
4007,0.07
4007,0.001
4014,0.006
4020,0.001
4024,0.572
4024,0.63
4028,0.007
4028,0.15
4028,0.151
4030,0.46
4032,0.1
4032,0.1
4032,0.099
4034,0.491
4039,0.818
4043,0.001
4050,0.034
729,0.441
4051,0.095
4051,0.091
4053,0.001
4053,0.084
4053,0.091
4054,0.089
4054,0.086
4057,0.113
4057,0.132
4059,0.1
4060,0.001
4060,0.001
4060,0.001
4072,0.015
4072,0.017
4073,0.001
4075,0.092
4075,0.087
4075,0.096
4076,0.011
4076,0.148
4077,0.327
4077,0.331
4077,0.326
4079,0.452
4082,0.005
4082,0.005
4084,0.001
4084,0.001
4090,0.045
4090,0.046
4090,0.045
4092,0.001
4094,0.199
4094,0.231
4094,0.237
4096,0.161
4096,0.371
4102,0.845
4104,0.001
4104,0.001
4104,0.001
4114,0.017
4114,0.16
4119,0.001
4120,0.001
4120,0.003
4125,0.001
4127,0.001
4127,0.305
4127,0.302
4128,0.013
4128,0.332
4131,0.322
4139,0.13
4143,0.649
4143,0.767
4146,0.001
4146,0.014
4146,0.014
4148,0.001
4151,0.046
4153,0.494
4153,0.531
4155,0.001
4157,0.233
4157,0.238
4158,0.021
4158,0.031
4158,0.021
4160,0.332
4160,0.124
4167,0.162
4168,0.001
4168,0.001
4169,0.021
4169,0.056
4172,0.34
4172,0.431
4173,0.094
4173,0.1
4174,0.001
4184,0.204
4185,0.69
4185,0.683
4188,0.127
4188,0.139
4189,0.823
4189,0.841
4197,0.153
4198,0.001
4198,0.001
4198,0.001
4200,0.091
4200,0.115
4200,0.116
4201,0.523
4202,0.139
4202,0.001
4202,0.001
4203,0.642
4205,0.319
4205,0.456
4208,0.278
4208,0.493
4208,0.515
4211,0.233
4211,0.344
4212,0.541
4212,0.518
4214,0.726
4216,0.481
4216,0.472
4216,0.487
4218,0.305
4218,0.46
4218,0.457
4222,0.197
4222,0.201
685,0.001
4225,0.01
4225,0.017
4229,0.618
4229,0.627
4232,0.001
4232,0.001
4235,0.247
4235,0.247
4240,0.375
4240,0.451
658,0.165
4245,0.763
4250,0.1
4250,0.109
4250,0.323
4251,0.066
4252,0.286
4252,0.626
4252,0.633
4255,0.045
4255,0.051
4256,0.18
4256,0.179
4256,0.182
4257,0.236
4258,0.24
4259,0.229
4262,0.627
4262,0.635
4269,0.01
4269,0.016
621,0.356
4276,0.001
4276,0.001
4276,0.001
4277,0.218
621,0.44
4277,0.225
4280,0.484
566,0.851
4281,0.005
4281,0.005
4285,0.001
4285,0.012
4290,0.225
4291,0.644
4291,0.672
4291,0.672
4292,0.011
4293,0.036
4293,0.028
4294,0.52
4294,0.538
4303,0.226
493,0.262
4313,0.021
4313,0.024
4332,0.58
4335,0.001
4335,0.001
4335,0.001
4337,0.534
4339,0.007
4339,0.007
4340,0.001
4343,0.081
4343,0.02
4348,0.326
488,0.202
4353,0.327
4363,0.161
4365,0.001
4365,0.001
4365,0.001
4367,0.036
4367,0.036
4367,0.027
4382,0.079
4382,0.078
4383,0.001
4383,0.001
4391,0.001
4391,0.001
4391,0.001
4392,0.015
4392,0.079
4394,0.029
4394,0.018
4403,0.09
4405,0.001
4405,0.001
4406,0.746
4408,0.636
4410,0.133
4410,0.139
4410,0.136
4414,0.346
4414,0.352
4414,0.433
4419,0.004
4419,0.035
4420,0.001
4420,0.001
4421,0.001
4421,0.001
4421,0.001
4422,0.218
4422,0.089
4422,0.11
4423,0.705
4423,0.721
4424,0.001
4424,0.001
4426,0.66
4431,0.138
4438,0.733
4438,0.742
4441,0.105
433,0.215
4445,0.015
4447,0.045
4447,0.045
4449,0.079
4453,0.007
4455,0.001
4456,0.727
4462,0.358
4462,0.343
4463,0.342
4463,0.341
4463,0.342
4466,0.001
4466,0.001
4467,0.001
4467,0.001
4467,0.148
4469,0.074
4469,0.079
4473,0.565
4473,0.583
4473,0.582
4474,0.101
4474,0.101
4475,0.422
4477,0.426
4480,0.097
4480,0.139
4480,0.159
4488,0.13
4488,0.146
4491,0.001
4491,0.001
4491,0.004
4494,0.276
4494,0.276
4494,0.351
4500,0.001
4500,0.001
4515,0.654
4520,0.001
4520,0.001
4520,0.001
4521,0.171
4521,0.187
4522,0.001
4522,0.575
4526,0.372
4526,0.375
4530,0.499
4536,0.162
4539,0.552
413,0.001
4540,0.005
4546,0.593
4548,0.106
389,0.457
4549,0.322
4549,0.323
4549,0.325
4558,0.111
4558,0.101
4558,0.111
4562,0.755
4562,0.753
4565,0.001
4565,0.001
4566,0.157
4568,0.228
4568,0.235
4582,0.353
4582,0.458
4582,0.646
4589,0.09
4589,0.1
4590,0.008
4590,0.213
4591,0.202
4591,0.526
389,0.457
4597,0.271
4597,0.332
4599,0.001
4601,0.114
4604,0.266
4605,0.001
4605,0.001
4609,0.641
4613,0.54
4613,0.547
4626,0.599
4629,0.11
4636,0.107
4638,0.001
4638,0.001
4641,0.57
4641,0.592
4645,0.001
4646,0.125
4646,0.134
4657,0.772
4657,0.799
4657,0.806
4660,0.448
4672,0.408
4672,0.432
4672,0.547
4676,0.16
4676,0.16
4679,0.1
4679,0.1
4680,0.321
4680,0.341
4686,0.547
4689,0.375
4689,0.404
4689,0.461
4692,0.368
4696,0.687
4696,0.672
4706,0.007
4707,0.641
4718,0.67
4728,0.771
4730,0.73
4743,0.21
4746,0.045
4746,0.045
4755,0.245
4772,0.33
4802,0.471
4802,0.487
4803,0.001
4804,0.685
127,0.181
4814,0.521
4814,0.522
4823,0.664
4827,0.16
4843,0.001
4845,0.598
4845,0.658
4852,0.086
4852,0.262
4863,0.001
4863,0.001
4892,0.284
4894,0.43
4894,0.553
4899,0.248
4899,0.626
4900,0.001
4900,0.001
4905,0.198
4909,0.191
4911,0.763
4912,0.244
4912,0.239
4920,0.161
108,0.389
4921,0.15
4921,0.322
4922,0.247
4929,0.778
4938,0.372
4940,0.332
4945,0.278
4949,0.116
4952,0.024
4952,0.038
4954,0.222
4955,0.215
4958,0.662
4959,0.017
4960,0.241
4960,0.241
4962,0.287
4964,0.221
4982,0.769
4984,0.522
4985,0.688
4985,0.714
4994,0.407
5006,0.556
5012,0.331
5012,0.335
5015,0.138
5018,0.131
5019,0.687
5019,0.69
5026,0.065
5027,0.299
5031,0.681
5054,0.011
5056,0.299
5058,0.288
5059,0.333
5063,0.77
5070,0.6
5071,0.361
5078,0.018
5079,0.105
5082,0.105
5083,0.001
5087,0.602
5097,0.783
5099,0.007
5100,0.071
5109,0.542
5112,0.471
5119,0.247
5129,0.001
5131,0.237
5138,0.08
5140,0.006
5141,0.001
5153,0.001
4929,0.799
5160,0.15
4728,0.778
23,0.001
5096,0.036
5102,0.206
5015,0.145
23,0.212
5038,0.738
4020,0.001
2357,0.288
4057,0.306
5199,0.558
4671,0.515
4707,0.711
5157,0.001
5177,0.218
5210,0.159
5202,0.007
4060,0.001
5165,0.539
5166,0.619
5203,0.001
21,0.001
5205,0.682
5167,0.001
2109,0.045
4072,0.036
5235,0.103
5198,0.137
5123,0.247
4976,0.001
4094,0.237
4976,0.001
4960,0.236
5242,0.03
4912,0.248
4909,0.186
4892,0.303
5214,0.015
2378,0.001
4867,0.273
2031,0.611
2010,0.028
4756,0.547
4746,0.045
4743,0.224
4904,0.661
4729,0.033
4686,0.242
4679,0.1
4671,0.496
4668,1
4645,0.001
4613,0.559
4584,0.035
4119,0.001
4114,0.145
2398,0.51
4565,0.001
4553,0.001
4539,0.559
4536,0.188
4530,0.527
4522,0.595
4521,0.299
4483,0.046
5219,0.159
4483,0.046
5234,0.707
4475,0.446
4475,0.377
4462,0.418
4082,0.012
4455,0.001
4453,0.045
4449,0.093
4447,0.045
4442,0.089
4420,0.001
4128,0.332
5158,0.5
5244,0.159
5253,0.096
4077,0.347
4394,0.023
4383,0.001
5059,0.722
4379,0.526
4363,0.162
4363,0.162
4348,0.327
5261,0.159
4340,0.001
4337,0.535
4337,0.537
5259,0.001
4313,0.066
4856,0.68
4293,0.036
4292,0.036
4292,0.006
4290,0.231
4281,0.016
4278,0.586
5227,0.001
5213,0.181
5269,0.146
4262,0.645
4259,0.235
4257,0.217
4255,0.046
4250,0.327
4232,0.001
4863,0.024
5063,0.774
4229,0.644
4229,0.639
4167,0.365
4225,0.001
4219,0.011
4219,0.01
4218,0.468
4217,0.001
5078,0.015
4217,0.001
4217,0.001
4216,0.487
4820,0.354
4905,0.462
4909,0.198
5243,0.096
4205,0.495
4894,0.578
4205,0.478
4199,0.023
4199,0.018
4199,0.025
4197,0.202
4197,0.143
4192,0.608
4174,0.001
4173,0.099
4172,0.472
4143,0.769
4158,0.045
4195,0.77
4170,0.001
4170,0.001
4169,0.129
4638,0.001
4853,0.325
4168,0.006
4167,0.164
4159,0.082
5082,0.109
4157,0.238
5277,0.112
4153,0.765
4153,0.514
4151,0.046
4146,0.045
4143,0.66
5087,0.647
4139,0.072
4133,0.001
4131,0.518
4131,0.322
4128,0.011
4127,0.306
4125,0.001
4120,0.004
4120,0.014
4105,0.608
4104,0.001
4097,0.001
4092,0.001
4092,0.001
4092,0.001
4084,0.001
4079,0.792
4079,0.456
4079,0.455
4076,0.01
4184,0.213
4076,0.008
4075,0.108
4057,0.131
4051,0.277
4051,0.091
4043,0.001
4043,0.001
4042,0.332
4039,0.829
4030,0.46
4020,0.001
4020,0.001
4014,0.001
4862,0.001
5007,0.001
4007,0.001
4007,0.001
4159,0.09
2405,0.001
2391,0.337
2391,0.332
2381,0.239
2381,0.235
2374,0.137
2373,0.228
2360,0.001
2336,0.001
2336,0.001
5290,0.001
2304,0.003
2304,0.001
2301,0.077
2301,0.068
21,0.006
2248,0.208
2245,0.237
2220,0.159
2220,0.146
2219,0.001
2219,0.001
2205,0.291
2205,0.293
2205,0.19
2194,0.269
2193,0.273
2191,0.107
2190,0.105
2187,0.001
2187,0.001
2187,0.001
2184,0.001
2168,0.069
2167,0.03
2164,0.001
2164,0.001
2153,0.001
2151,0.146
2151,0.132
2150,0.74
4235,0.248
2130,0.477
2119,0.007
2119,0.006
2109,0.007
2106,0.158
2099,0.036
2070,0.325
2058,0.682
2010,0.013
2010,0.025
2010,0.007
1300,0.181
1268,0.004
1268,0.008
1261,0.247
1261,0.247
1261,0.247
1241,0.236
1186,0.001
1186,0.001
1169,0.529
1155,0.008
1155,0.173
1098,0.165
1072,0.182
5292,0.001
5100,0.03
5071,0.378
5070,0.642
5054,0.075
5015,0.337
5006,0.578
4992,0.688
4984,0.625
4958,1
4952,0.036
4949,0.129
4940,0.339
4904,0.665
4887,0.516
4852,0.277
4814,0.508
4783,0.001
4542,0.118
4442,0.089
4406,1
4382,0.082
4343,0.074
4294,0.612
4285,0.001
4269,0.014
4259,0.235
4214,0.728
4212,0.517
4211,0.497
4200,0.1
4185,0.698
4168,0.001
4151,0.046
4042,0.241
4032,0.078
2407,0.434
2405,0.001
2109,0.311
994,0.737
934,0.001
626,0.109
68,0.235
156,0.272
1425,0.294
21,0.001
4090,0.045
7,0.562
15,0.004
21,0.212
21,0.004
23,0.007
31,0.001
31,0.001
33,0.37
33,0.237
33,0.503
33,0.479
41,0.441
41,0.571
44,0.457
54,0.626
57,0.896
66,0.223
74,0.733
78,0.212
86,0.048
86,0.007
89,0.001
93,0.703
102,0.813
102,0.829
107,0.276
108,0.182
116,0.047
118,0.44
123,0.54
123,0.617
123,0.668
130,0.003
135,0.001
135,0.001
135,0.001
135,0.005
139,0.725
141,0.123
149,0.107
149,0.298
149,0.298
155,0.581
158,0.112
158,0.114
160,0.55
167,0.603
169,0.204
169,0.204
169,0.319
169,0.34
171,0.315
184,0.021
190,0.644
196,0.048
196,0.048
205,0.086
219,0.414
227,0.518
227,0.527
227,0.561
227,0.791
229,0.047
232,0.048
241,0.569
249,0.537
249,0.639
249,0.545
249,0.639
256,0.44
260,0.001
269,0.553
269,0.639
290,0.472
290,0.491
290,0.625
290,0.644
293,0.078
293,0.111
293,0.466
293,0.118
293,0.473
294,0.354
294,0.507
299,0.077
303,0.006
311,0.264
311,0.239
311,0.264
311,0.265
314,0.449
316,0.402
316,0.429
316,0.461
321,0.272
326,0.435
326,0.473
326,0.467
327,0.048
327,0.048
335,0.327
336,0.494
337,0.321
337,0.321
337,0.596
337,0.598
343,0.824
351,0.488
351,0.44
354,0.247
354,0.205
362,0.512
362,0.513
362,0.491
372,0.527
372,0.682
376,0.306
386,0.01
386,0.088
386,0.27
389,0.457
390,0.566
390,0.354
390,0.609
393,0.082
423,0.49
423,0.502
423,0.508
424,0.263
431,0.464
431,0.497
434,0.711
441,0.131
441,0.103
446,0.006
446,0.007
446,0.006
459,0.286
461,0.585
464,0.048
464,0.053
467,0.24
470,0.497
481,0.143
501,0.161
501,0.161
501,0.161
501,0.161
520,0.001
520,0.001
531,0.579
531,0.594
539,0.551
546,0.147
546,0.18
553,0.001
553,0.001
554,0.44
554,0.467
555,0.597
555,0.012
555,0.627
555,0.635
557,0.313
563,0.376
563,0.377
565,0.602
572,0.811
572,0.73
572,0.73
572,0.76
576,0.077
588,0.426
605,0.008
605,0.001
606,0.545
607,0.086
610,0.217
611,0.629
621,0.255
621,0.283
622,0.589
622,0.608
625,0.658
631,0.595
634,0.281
642,0.562
643,0.001
643,0.025
643,0.026
648,0.001
648,0.048
648,0.001
649,0.513
657,0.088
658,0.165
668,0.001
668,0.103
668,0.216
673,0.482
673,0.482
673,0.485
675,0.44
675,0.338
675,0.464
684,0.078
690,0.615
696,0.327
696,0.339
711,0.218
711,0.194
711,0.255
722,0.497
722,0.602
723,0.306
724,0.67
724,0.844
729,0.439
729,0.44
730,0.479
752,0.502
752,0.507
752,0.51
752,0.526
752,0.527
752,0.529
752,0.8
753,0.698
759,0.507
769,0.722
770,0.157
778,0.043
783,0.223
784,0.478
784,0.48
784,0.486
784,0.508
800,0.03
800,0.044
800,0.101
800,0.109
812,0.625
814,0.64
824,0.001
830,0.64
830,0.441
830,0.441
830,0.474
830,0.44
830,0.512
830,0.546
839,0.306
841,0.001
844,0.38
844,0.599
844,0.605
853,0.221
860,0.518
861,0.529
863,0.628
869,0.399
873,0.349
878,0.226
878,0.516
880,0.616
886,0.13
887,0.554
887,0.65
891,0.589
891,0.616
898,0.137
914,0.502
914,0.517
921,0.426
922,0.428
925,0.165
925,0.599
938,0.528
938,0.529
945,0.048
945,0.082
945,0.25
951,0.653
952,0.35
956,0.048
972,0.032
972,0.084
972,0.001
981,0.012
984,0.082
984,0.272
985,0.149
985,0.246
994,0.583
997,0.44
1002,0.075
1002,0.076
1002,0.039
1002,0.038
1027,0.44
1035,0.107
1045,0.318
1045,0.487
1054,0.598
1054,0.669
1059,0.44
1066,0.228
1066,0.54
1066,0.441
1074,0.148
1080,0.325
1080,0.325
1080,0.346
1090,0.228
1090,0.487
1090,0.44
1102,0.645
1104,0.149
1114,0.141
1114,0.147
1114,0.253
1119,0.249
1119,0.27
1120,0.552
1120,0.57
1120,0.586
1126,0.632
1140,0.048
1140,0.067
1155,0.166
1155,0.008
1168,0.006
1169,0.527
1183,0.329
1183,0.329
1183,0.332
1186,0.213
1186,0.001
1188,0.075
1188,0.175
1188,0.177
1197,0.14
1197,0.11
1201,0.821
1202,0.54
1205,0.375
1212,0.001
1213,0.595
1225,0.426
1225,0.426
1242,0.306
1245,0.088
1246,0.159
1246,0.159
1246,0.159
1254,0.711
1261,0.232
1261,0.242
1261,0.504
1289,0.529
1299,0.551
1314,0.109
1314,0.051
1314,0.109
1318,0.519
1318,0.532
1318,0.825
1318,0.834
1318,0.843
1318,0.854
1321,0.619
1326,0.248
1334,0.402
1334,0.438
1339,0.359
1339,0.433
1341,0.518
1341,0.52
1341,0.55
1351,0.491
1352,0.028
1352,0.001
1384,0.307
1384,0.744
1384,0.81
1384,0.744
1393,0.56
1398,0.729
1400,0.226
1414,0.194
1414,0.138
1414,0.148
1414,0.402
1414,0.39
1414,0.402
1417,0.434
1421,0.432
1425,0.149
1425,0.146
1425,0.272
1430,0.345
2106,0.159
2119,0.007
2124,0.006
2124,0.001
2125,0.001
2125,0.001
2125,0.563
2130,0.244
2130,0.459
2153,0.001
2167,0.068
2168,0.066
2168,0.1
2193,0.27
2196,0.138
2196,0.197
2201,0.001
2219,0.001
2220,0.144
2240,0.001
2245,0.241
2263,0.001
2263,0.001
2274,0.71
2301,0.089
2332,0.082
2332,0.087
2336,0.289
2360,0.001
2374,0.066
2376,0.611
2381,0.236
2391,0.338
2391,0.333
2398,0.299
2407,0.432
2407,0.433
4014,0.001
4014,0.001
4015,0.285
4015,0.446
4028,0.152
4030,0.549
4039,0.871
4043,0.001
4073,0.014
4082,0.019
4086,0.63
4086,0.654
4086,0.664
4086,0.661
4096,0.387
4097,0.001
4102,0.845
4102,1
4105,0.569
4114,0.147
4119,0.001
4133,0.001
4148,0.005
4148,0.004
4148,0.001
4155,0.001
4155,0.001
4157,0.238
4160,0.197
4169,0.016
4173,0.101
4174,0.001
4185,0.671
4188,0.322
4188,0.323
4192,0.603
4192,0.603
4192,0.668
4197,0.156
4198,0.007
4203,0.65
4203,0.681
4208,0.543
4219,0.019
4222,0.216
4225,0.012
4232,0.106
4240,0.433
4240,0.561
4245,0.649
4245,0.649
4245,0.762
4252,0.807
4255,0.046
4258,0.1
4259,0.23
4262,0.693
4276,0.001
4277,0.219
4277,0.227
4280,0.485
4280,0.485
4281,0.006
4290,0.224
4290,0.23
4291,0.706
4292,0.01
4293,0.036
4297,0.105
4307,0.655
4307,0.657
4313,0.073
4327,0.001
4335,0.001
4338,0.646
4338,0.647
4339,0.007
4339,0.007
4363,0.171
4367,0.036
4379,0.369
4379,0.528
4383,0.001
4391,0.001
4392,0.076
4394,0.036
4405,0.001
4405,0.001
4410,0.135
4419,0.001
4421,0.001
4422,0.232
4426,0.672
4433,0.001
4441,0.114
4441,0.118
4441,0.146
4445,0.045
4445,0.046
4445,0.046
4453,0.045
4455,0.001
4462,0.73
4463,0.045
4466,0.001
4467,0.153
4469,0.003
4473,0.605
4477,0.5
4477,0.519
4483,0.046
4491,0.013
4494,0.412
4500,0.001
4500,0.009
4515,0.729
4522,0.61
4526,0.649
4526,0.681
4530,0.543
4536,0.162
4539,0.547
4542,0.649
4542,0.649
4548,0.101
4548,0.112
4553,0.006
4566,0.153
4568,0.61
4590,0.236
4604,0.001
4604,0.257
4605,0.001
4615,0.345
4615,0.366
4625,0.079
4625,0.125
4626,0.613
4626,0.618
4629,0.126
4636,0.117
4641,0.61
4645,0.001
4646,0.118
4660,0.461
4660,0.455
4688,0.001
4688,0.001
4706,0.006
4707,0.709
4718,0.652
4718,0.67
4729,0.025
4729,0.283
4730,0.801
4745,0.115
4755,0.252
4755,0.246
4756,0.549
4772,0.647
4774,0.298
4774,0.298
4783,0.321
4801,0.339
4801,0.346
4802,0.505
4804,0.791
4807,0.159
4807,0.119
4807,0.142
4823,0.67
4823,0.671
4827,0.17
4843,0.001
4859,0.945
4867,0.272
4887,0.524
4892,0.314
4897,0.001
4897,0.001
4897,0.007
4899,0.709
4900,0.001
4903,0.615
4903,0.614
4905,0.354
4911,0.702
4911,0.767
4920,0.183
4920,0.183
4921,0.323
4922,0.484
4922,0.485
4929,0.799
4938,0.648
4938,0.647
4940,0.34
4943,0.653
4945,0.281
4954,0.233
4955,0.221
4955,0.252
4958,0.717
4962,0.296
4962,0.316
4964,0.26
4964,0.363
4966,0.62
4966,0.638
4982,0.843
4984,0.581
4985,1
5006,0.568
5007,0.001
5007,0.292
5012,0.339
5018,0.455
5018,0.363
5019,0.708
5026,0.043
5026,0.1
5027,0.605
5027,0.628
5028,0.008
5028,0.109
5032,0.279
5032,0.326
5038,0.738
5038,0.944
5054,0.076
5057,0.283
5058,0.307
5058,0.579
5062,0.266
5063,0.794
5066,0.001
5066,0.001
5066,0.001
5067,0.248
5067,0.252
5067,0.299
5071,0.499
5078,0.018
5079,0.117
5082,0.106
5091,0.001
5093,0.075
5093,0.009
5095,0.628
5095,0.641
5109,0.557
5110,0.001
5118,0.233
5126,0.043
5127,0.611
5142,0.1
5162,0.1
5169,0.1
5176,0.006
5185,0.001
5187,0.437
5194,0.007
5196,0.121
5197,0.668
5228,0.001
5237,0.1
5242,0.028
5252,0.575
5252,0.64
5266,0.105
5273,0.001
4521,0.299
4959,0.023
5087,0.794
5097,0.628
5095,0.675
2304,0.005
4553,0.1
4599,0.001
2216,0.761
4539,0.571
4604,0.273
4945,0.286
5093,0.016
4466,0.077
5079,0.11
4480,0.153
4536,0.181
4542,0.667
4959,0.045
186,0.001
4447,0.045
4568,0.434
5100,0.036
1261,0.632
4432,0.001
4562,1
4566,0.158
4582,0.754
4584,0.036
5083,0.001
5131,0.245
4520,0.001
5109,0.551
4591,0.767
4625,0.602
5118,0.089
454,0.047
4414,0.621
4645,0.001
4680,0.552
5031,0.721
2191,0.13
4217,0.007
5057,0.304
5141,0.002
4565,0.001
5062,0.532
301,0.001
4365,0.006
4469,0.013
4641,0.649
5099,0.001
4657,0.839
4696,0.839
5127,0.627
5129,0.001
4636,0.115
413,0.001
4982,0.837
5126,0.046
5110,0.001
2336,0.516
5142,0.1
2373,0.287
4706,0.007
4676,0.166
4613,0.605
5123,0.248
5119,0.634
4689,0.615
4672,0.56
4626,0.707
4646,0.161
5096,0.046
4729,0.651
4679,0.1
5070,0.618
4660,0.461
4114,0.228
4807,0.196
1414,0.382
4843,0.001
4960,0.237
4929,0.81
4985,1
972,0.001
994,0.816
2219,0.001
1155,0.14
4945,0.3
2245,0.243
2220,0.16
2263,0.001
2130,0.467
2201,0.001
4447,0.046
5007,0.296
4521,0.543
2274,0.682
4394,0.123
4383,0.001
5066,0.001
89,0.001
4473,0.63
4522,0.62
2301,0.087
5078,0.008
5079,0.104
2304,0.005
5093,0.026
123,0.682
5082,0.117
5099,0.021
2216,0.763
1186,0.001
5100,0.036
4539,0.588
5097,0.779
5083,0.001
2332,0.078
4626,0.64
2191,0.12
2336,0.539
4455,0.001
4582,0.763
4015,0.753
5109,0.566
2187,0.089
5031,0.732
4014,0.1
4043,0.001
4424,0.001
5091,0.001
5110,0.001
5118,0.26
5126,0.358
5127,0.632
5142,0.1
2373,0.356
4030,0.763
5140,0.006
4028,0.192
4060,0.001
5169,0.1
5198,0.126
2360,0.001
5157,0.001
413,0.001
4414,0.746
5177,0.211
5214,0.021
21,0.008
454,0.057
467,0.299
566,1
934,0.001
1261,0.64
1414,0.416
2010,0.036
2184,0.009
2378,0.001
2381,0.491
2405,0.001
4020,0.024
4051,0.553
4072,0.036
4076,0.008
4077,0.442
4084,0.001
4086,0.691
4092,0.289
4094,0.222
4105,0.644
4114,0.152
4120,0.045
4125,0.001
4128,0.347
4143,0.809
4146,0.004
4158,0.045
4167,0.424
4168,0.001
4169,0.027
4170,0.001
4184,0.221
4185,0.727
4197,0.369
4200,0.115
4212,0.547
4214,0.739
4216,0.51
4222,0.235
4235,0.478
4278,0.611
4281,0.022
4293,0.046
4332,0.611
4431,0.327
4807,0.236
4823,0.704
4862,0.001
4952,0.051
5131,0.264
5153,0.001
5158,0.508
5166,0.693
5167,0.001
5176,0.158
5185,0.001
5194,0.011
5197,0.709
5203,0.001
5213,0.001
5219,0.159
5227,0.001
5228,0.001
5234,0.7
5237,0.119
5242,0.022
5243,0.1
5244,0.159
5253,0.115
5259,0.088
5266,0.104
5269,0.121
5273,0.001
5277,0.254
5290,0.001
5292,0.001
5202,0.018
2407,0.561
4422,0.604
4488,0.159
