3,2
3,2
4,2
4,2
4,2
4,2
4,2
5,2
5,2
5,2
5,2
6,3
6,3
6,3
6,3
6,3
7,3
7,3
8,2
8,2
10,2
10,2
10,2
14,1
14,1
14,1
14,1
15,2
15,2
15,2
16,2
16,2
16,2
16,2
16,2
19,2
19,2
19,2
19,2
21,2
21,2
21,2
21,2
22,2
22,2
22,2
22,2
23,2
23,2
23,2
23,2
23,2
23,2
23,2
29,2
29,2
29,2
29,2
31,1
31,1
31,1
31,1
35,2
35,2
38,2
38,2
38,2
40,2
40,2
40,2
40,2
40,2
42,2
42,2
42,2
42,2
43,2
43,2
43,2
43,2
45,3
51,3
51,3
51,3
51,3
51,3
51,3
53,2
54,2
54,2
54,2
54,2
56,2
56,2
56,2
56,2
56,2
57,2
57,2
57,2
58,2
58,2
58,2
59,2
59,2
59,2
59,2
59,2
60,2
60,2
60,2
60,2
61,2
61,2
61,2
61,2
61,2
61,2
66,2
66,2
66,2
66,2
67,2
67,2
67,2
67,2
68,1
68,1
69,2
69,2
69,2
69,2
70,3
70,3
72,1
72,1
72,1
72,1
72,1
72,1
74,1
74,1
972,2
74,1
76,2
76,2
76,2
76,2
77,2
77,2
77,2
77,2
77,2
80,2
80,2
80,2
81,2
81,2
81,2
83,2
83,2
83,2
83,2
84,2
84,2
84,2
86,2
87,3
87,3
87,3
87,3
88,2
88,2
88,2
89,2
89,2
89,2
89,2
89,2
89,2
89,2
90,2
90,2
90,2
90,2
90,2
91,2
91,2
91,2
91,2
94,2
94,2
96,2
96,2
97,1
97,1
97,1
97,1
98,2
98,2
98,2
98,2
102,2
106,2
106,2
106,2
107,2
107,2
107,2
107,2
107,2
108,2
108,2
108,2
108,2
108,2
109,2
109,2
109,2
109,2
110,2
110,2
111,2
111,2
111,2
112,2
112,2
112,2
112,2
112,2
112,2
116,2
116,2
116,2
116,2
118,2
120,2
120,2
120,2
120,2
120,2
120,2
123,3
123,3
123,3
125,3
125,3
125,3
125,3
125,3
125,3
126,2
126,2
126,2
126,2
126,2
126,2
126,2
127,2
127,2
127,2
127,2
127,2
128,2
128,2
128,2
128,2
128,2
130,2
130,2
130,2
130,2
130,2
138,3
138,3
138,3
139,2
139,2
139,2
141,2
141,2
141,2
141,2
141,2
141,2
142,2
142,2
142,2
142,2
142,2
142,2
142,2
147,2
147,2
147,2
150,3
150,3
150,3
150,3
150,3
150,3
155,2
155,2
155,2
156,2
156,2
156,2
156,2
158,1
158,1
158,1
158,1
159,3
160,2
160,2
160,2
161,2
161,2
162,2
162,2
162,2
162,2
166,2
166,2
166,2
166,2
166,2
169,2
169,2
169,2
171,2
171,2
171,2
172,2
172,2
172,2
172,2
172,2
172,2
173,2
173,2
173,2
173,2
173,2
176,2
176,2
176,2
176,2
177,2
177,2
177,2
177,2
183,2
183,2
184,2
184,2
184,2
184,2
186,2
186,2
186,2
186,2
186,2
186,2
187,2
187,2
187,2
187,2
187,2
188,1
188,1
194,2
194,2
194,2
195,2
195,2
196,2
196,2
196,2
200,2
200,2
200,2
200,2
200,2
200,2
200,2
204,2
204,2
204,2
204,2
204,2
204,2
204,2
210,2
210,2
210,2
210,2
210,2
210,2
213,2
213,2
213,2
214,2
214,2
214,2
214,2
214,2
214,2
214,2
216,1
217,3
219,2
223,2
223,2
223,2
223,2
223,2
225,1
225,1
225,1
225,1
225,1
227,3
229,2
229,2
229,2
230,3
230,3
230,3
230,3
231,2
231,2
231,2
231,2
232,2
243,2
243,2
245,2
245,2
249,2
249,2
249,2
256,2
256,2
256,2
256,2
256,2
912,2
257,2
257,2
257,2
257,2
257,2
257,2
258,2
259,2
259,2
259,2
259,2
259,2
259,2
260,2
260,2
260,2
260,2
260,2
266,3
266,3
266,3
269,2
269,2
269,2
269,2
269,2
272,2
272,2
272,2
272,2
272,2
273,2
273,2
273,2
273,2
273,2
273,2
276,1
276,1
276,1
276,1
276,1
276,1
276,1
282,2
282,2
282,2
282,2
283,2
283,2
283,2
284,2
284,2
284,2
285,2
285,2
285,2
285,2
285,2
286,2
286,2
286,2
286,2
289,2
289,2
290,3
291,2
291,2
291,2
291,2
291,2
291,2
292,2
292,2
292,2
292,2
293,3
294,2
294,2
294,2
294,2
295,3
295,3
295,3
295,3
295,3
295,3
295,3
295,3
296,2
296,2
296,2
296,2
296,2
298,2
298,2
298,2
298,2
298,2
298,2
298,2
299,1
300,3
300,3
300,3
300,3
301,2
301,2
301,2
301,2
301,2
301,2
301,2
301,2
307,2
307,2
307,2
307,2
307,2
307,2
307,2
310,2
310,2
310,2
311,2
312,2
314,2
314,2
314,2
314,2
314,2
314,2
315,2
316,2
319,2
319,2
321,2
321,2
324,2
324,2
324,2
324,2
324,2
324,2
325,2
325,2
325,2
325,2
326,2
327,2
327,2
327,2
331,2
331,2
331,2
331,2
331,2
331,2
331,2
332,3
335,2
336,2
336,2
336,2
337,2
341,2
341,2
343,2
343,2
343,2
344,3
344,3
344,3
344,3
344,3
344,3
351,2
351,2
351,2
351,2
352,3
352,3
352,3
352,3
359,2
359,2
359,2
359,2
359,2
359,2
361,3
361,3
361,3
361,3
361,3
361,3
361,3
362,2
362,2
362,2
362,2
366,2
366,2
369,2
369,2
370,2
370,2
370,2
370,2
374,2
374,2
374,2
376,2
376,2
376,2
376,2
376,2
376,2
377,2
378,2
378,2
378,2
378,2
378,2
378,2
382,2
382,2
382,2
382,2
382,2
382,2
384,2
384,2
384,2
384,2
384,2
384,2
386,2
386,2
386,2
388,3
388,3
388,3
388,3
388,3
388,3
389,3
389,3
389,3
390,2
393,2
393,2
394,2
394,2
394,2
401,2
401,2
401,2
401,2
403,2
403,2
403,2
403,2
403,2
404,3
404,3
404,3
404,3
405,1
405,1
408,3
408,3
408,3
408,3
408,3
410,2
410,2
410,2
410,2
413,2
413,2
413,2
413,2
413,2
413,2
413,2
414,2
414,2
414,2
414,2
414,2
416,2
416,2
416,2
416,2
416,2
419,2
419,2
419,2
419,2
419,2
419,2
420,2
420,2
420,2
420,2
423,3
425,2
429,3
429,3
429,3
429,3
429,3
429,3
431,3
433,2
433,2
434,2
434,2
434,2
434,2
441,2
441,2
441,2
441,2
442,2
442,2
443,2
443,2
443,2
443,2
443,2
443,2
448,2
448,2
448,2
448,2
448,2
449,2
449,2
449,2
449,2
454,3
454,3
454,3
454,3
454,3
457,3
458,3
458,3
458,3
458,3
461,2
461,2
464,2
464,2
464,2
467,3
470,3
470,3
470,3
472,2
472,2
478,2
478,2
478,2
479,2
481,2
481,2
481,2
484,2
484,2
485,2
485,2
485,2
485,2
487,2
487,2
487,2
488,2
488,2
488,2
488,2
489,2
489,2
497,2
498,2
498,2
498,2
498,2
500,1
501,1
502,3
502,3
502,3
502,3
502,3
505,3
505,3
505,3
505,3
505,3
507,2
507,2
507,2
507,2
507,2
507,2
513,2
513,2
513,2
513,2
513,2
513,2
516,1
517,2
519,1
519,1
519,1
519,1
519,1
522,2
522,2
522,2
522,2
525,2
525,2
525,2
525,2
526,2
526,2
526,2
526,2
528,3
528,3
528,3
534,2
534,2
534,2
534,2
534,2
535,3
539,2
539,2
539,2
539,2
539,2
543,2
543,2
543,2
544,2
545,2
545,2
545,2
545,2
545,2
545,2
546,2
546,2
546,2
546,2
547,2
547,2
547,2
547,2
548,2
548,2
548,2
548,2
548,2
548,2
549,2
549,2
549,2
549,2
551,2
551,2
551,2
551,2
551,2
551,2
552,2
552,2
552,2
552,2
552,2
553,1
553,1
553,1
554,2
554,2
555,1
557,2
557,2
557,2
557,2
557,2
558,2
558,2
558,2
559,2
559,2
563,2
566,3
567,2
568,3
568,3
568,3
568,3
568,3
576,3
576,3
576,3
577,2
577,2
577,2
578,2
578,2
578,2
578,2
579,2
579,2
601,2
601,2
601,2
601,2
601,2
602,2
602,2
602,2
602,2
602,2
605,2
605,2
606,2
606,2
607,2
607,2
607,2
607,2
608,2
608,2
608,2
608,2
610,2
610,2
610,2
610,2
610,2
611,2
611,2
611,2
618,2
618,2
618,2
618,2
618,2
618,2
621,2
622,2
622,2
622,2
622,2
625,2
625,2
626,2
626,2
626,2
626,2
626,2
629,2
631,2
631,2
631,2
631,2
634,3
634,3
637,3
637,3
637,3
637,3
637,3
638,2
638,2
638,2
642,3
642,3
643,2
643,2
644,2
644,2
644,2
644,2
644,2
644,2
644,2
644,2
647,2
647,2
647,2
647,2
648,2
648,2
649,2
649,2
649,2
649,2
649,2
656,1
656,1
656,1
656,1
656,1
656,1
657,2
657,2
657,2
658,2
658,2
658,2
658,2
658,2
667,2
667,2
667,2
667,2
668,2
668,2
668,2
669,2
669,2
669,2
671,2
671,2
671,2
671,2
671,2
671,2
672,1
672,1
672,1
672,1
673,3
673,3
673,3
675,2
677,2
677,2
677,2
677,2
679,2
679,2
679,2
679,2
679,2
679,2
680,2
680,2
680,2
681,2
681,2
681,2
681,2
682,2
682,2
684,3
684,3
685,2
685,2
685,2
685,2
685,2
685,2
686,2
690,3
690,3
692,2
692,2
692,2
692,2
695,2
695,2
698,2
698,2
698,2
698,2
698,2
698,2
698,2
702,3
702,3
702,3
702,3
702,3
708,2
708,2
708,2
708,2
708,2
709,2
709,2
709,2
709,2
711,2
711,2
715,2
715,2
715,2
717,2
717,2
717,2
717,2
720,2
720,2
721,2
721,2
722,3
722,3
792,2
722,3
722,3
724,2
724,2
725,2
725,2
725,2
725,2
725,2
726,2
729,2
729,2
729,2
729,2
729,2
730,2
730,2
730,2
731,2
731,2
731,2
731,2
731,2
733,2
733,2
733,2
733,2
734,2
734,2
734,2
734,2
734,2
739,2
739,2
739,2
739,2
740,2
740,2
740,2
741,3
741,3
741,3
741,3
741,3
741,3
741,3
746,2
746,2
746,2
746,2
746,2
747,2
748,3
748,3
748,3
748,3
748,3
751,2
751,2
751,2
753,2
753,2
753,2
754,2
759,3
759,3
759,3
760,2
760,2
760,2
760,2
767,2
767,2
767,2
767,2
767,2
769,2
770,2
770,2
770,2
771,2
771,2
771,2
771,2
778,2
778,2
778,2
778,2
779,2
779,2
779,2
779,2
783,3
786,2
786,2
790,2
790,2
790,2
792,2
792,2
793,2
793,2
793,2
793,2
800,2
800,2
800,2
802,2
802,2
802,2
802,2
802,2
810,2
812,2
812,2
813,2
813,2
813,2
813,2
813,2
814,2
814,2
814,2
816,2
818,2
821,2
821,2
824,3
824,3
824,3
824,3
829,2
829,2
829,2
829,2
832,2
834,2
834,2
834,2
834,2
835,2
835,2
835,2
835,2
835,2
835,2
835,2
835,2
836,3
836,3
836,3
839,2
839,2
839,2
839,2
839,2
841,2
842,1
842,1
842,1
843,1
843,1
843,1
843,1
843,1
850,2
850,2
850,2
850,2
851,2
851,2
851,2
852,3
852,3
852,3
853,3
853,3
856,2
856,2
856,2
856,2
860,2
860,2
862,3
862,3
862,3
863,3
867,2
869,2
869,2
869,2
869,2
873,2
873,2
873,2
873,2
874,2
878,2
878,2
878,2
883,2
883,2
883,2
883,2
886,2
886,2
886,2
887,2
887,2
887,2
887,2
890,2
890,2
891,2
892,2
892,2
892,2
896,2
896,2
896,2
896,2
898,2
898,2
898,2
898,2
899,2
899,2
899,2
899,2
899,2
904,1
904,1
904,1
904,1
906,2
906,2
906,2
906,2
906,2
906,2
906,2
906,2
908,2
908,2
908,2
908,2
909,3
909,3
909,3
909,3
909,3
912,2
912,2
912,2
912,2
913,2
913,2
913,2
915,2
915,2
915,2
915,2
917,2
917,2
919,2
919,2
919,2
919,2
919,2
919,2
920,2
920,2
922,2
922,2
923,1
923,1
923,1
924,3
924,3
926,2
928,2
928,2
928,2
928,2
931,1
931,1
932,2
932,2
932,2
932,2
932,2
934,2
934,2
934,2
934,2
934,2
938,3
941,2
941,2
941,2
941,2
941,2
947,2
947,2
950,2
951,1
951,1
951,1
951,1
952,2
952,2
952,2
952,2
952,2
954,2
954,2
956,2
957,2
957,2
961,2
961,2
963,2
963,2
963,2
963,2
963,2
967,2
969,2
969,2
969,2
972,2
972,2
972,2
973,2
973,2
973,2
973,2
973,2
976,2
976,2
976,2
978,2
978,2
978,2
978,2
978,2
979,2
979,2
979,2
979,2
981,2
981,2
981,2
982,3
982,3
982,3
982,3
984,2
984,2
984,2
984,2
985,2
985,2
985,2
985,2
985,2
989,2
989,2
989,2
989,2
991,2
991,2
991,2
994,2
994,2
994,2
994,2
995,2
995,2
996,2
996,2
1001,2
1001,2
1002,2
1004,2
1004,2
1004,2
1007,2
1007,2
1007,2
1007,2
1007,2
1007,2
1010,3
1010,3
1010,3
1010,3
1010,3
1010,3
1013,2
1013,2
1014,2
1014,2
1014,2
1015,2
1015,2
1016,2
1016,2
1016,2
1018,2
1018,2
1018,2
1018,2
1023,2
1023,2
1023,2
1023,2
1023,2
1027,2
1027,2
1028,2
1028,2
1030,2
1030,2
1030,2
1030,2
1030,2
1031,3
1031,3
1034,2
1034,2
1034,2
1035,2
1035,2
1035,2
1037,2
1037,2
1038,2
1038,2
1043,3
1044,2
1044,2
1045,3
1045,3
1045,3
1045,3
1052,2
1052,2
1052,2
1054,2
1054,2
1054,2
1057,2
1057,2
1057,2
1057,2
1057,2
1059,2
1059,2
1062,3
1062,3
1062,3
1063,2
1063,2
1063,2
1063,2
1066,2
1066,2
1072,2
1072,2
1072,2
1072,2
1072,2
1073,2
1074,3
1074,3
1074,3
1075,2
1077,1
1077,1
1078,2
1078,2
1078,2
1078,2
1078,2
1078,2
1078,2
1081,3
1081,3
1082,2
1082,2
1082,2
1086,2
1086,2
1086,2
1086,2
1088,2
1088,2
1088,2
1092,2
1092,2
1092,2
1092,2
1094,1
1094,1
1094,1
1097,2
1097,2
1097,2
1097,2
1097,2
1097,2
1098,2
1098,2
1098,2
1098,2
1098,2
1098,2
1102,2
1103,2
1103,2
1103,2
1104,2
1106,3
1106,3
1106,3
1106,3
1106,3
1109,2
1109,2
1109,2
1109,2
1114,2
1117,2
1117,2
1117,2
1117,2
1118,2
1118,2
1118,2
1118,2
1118,2
771,2
1119,2
1121,2
1121,2
1121,2
1121,2
1121,2
1121,2
1122,2
1122,2
1122,2
1122,2
1122,2
1122,2
1122,2
1123,2
1123,2
1123,2
1123,2
1123,2
1123,2
1130,2
1130,2
1130,2
1130,2
1133,2
1135,2
1135,2
1135,2
1135,2
1135,2
1137,3
1138,2
1138,2
1140,2
1140,2
1140,2
1140,2
1144,2
1144,2
1144,2
1144,2
1148,2
1148,2
1148,2
1152,3
1155,2
1155,2
1155,2
1155,2
1155,2
1164,2
1169,3
1169,3
1169,3
1170,3
1170,3
1170,3
1170,3
1171,2
1171,2
1171,2
1175,2
1175,2
1175,2
1182,2
1182,2
1182,2
1182,2
1182,2
1182,2
1183,2
1185,2
1186,2
1186,2
1186,2
1186,2
1186,2
1187,2
1187,2
1187,2
1187,2
1187,2
1187,2
1188,2
1190,1
1190,1
1190,1
1190,1
1190,1
1194,2
1194,2
1194,2
1194,2
1194,2
1195,2
1195,2
1195,2
1197,2
1197,2
1200,3
1201,3
1201,3
1202,3
1202,3
1202,3
1202,3
1204,2
1204,2
1205,3
1206,2
1206,2
1206,2
1206,2
1206,2
1209,3
1209,3
1209,3
1213,2
1213,2
1213,2
1213,2
1217,2
1217,2
1217,2
1217,2
1217,2
1217,2
1221,2
1222,2
1222,2
1222,2
1222,2
1225,2
1225,2
1226,3
1227,2
1227,2
1227,2
1227,2
1231,2
1231,2
1232,2
1232,2
1232,2
1232,2
1232,2
1232,2
1240,2
1240,2
1240,2
1240,2
1240,2
1241,2
1241,2
1241,2
1241,2
1242,2
1242,2
1243,2
1245,2
1245,2
1246,1
1246,1
1246,1
1247,2
1247,2
1247,2
1247,2
1247,2
1249,2
1249,2
1249,2
1249,2
1249,2
1251,2
1251,2
1251,2
1251,2
1253,2
1253,2
1254,3
1254,3
1254,3
1255,2
1255,2
1255,2
1256,1
1256,1
1256,1
1260,2
1260,2
1260,2
1260,2
1260,2
1261,3
1261,3
1262,2
1262,2
1262,2
1262,2
1265,2
1265,2
1265,2
1265,2
1265,2
1267,2
1267,2
1267,2
1267,2
1267,2
1268,2
1268,2
1268,2
1268,2
1269,2
1269,2
1269,2
1269,2
1269,2
1269,2
1269,2
1275,2
1275,2
1275,2
1275,2
1276,2
1277,1
1277,1
1279,2
1279,2
1279,2
1279,2
1279,2
1280,2
1280,2
1280,2
1280,2
1280,2
1282,2
1282,2
1282,2
1282,2
1282,2
1282,2
1283,2
1283,2
1284,3
1284,3
1284,3
1286,2
1288,2
1288,2
1288,2
1288,2
1288,2
1289,3
1290,3
1290,3
1293,3
1293,3
1293,3
1299,2
1299,2
1299,2
1299,2
1300,2
1300,2
1300,2
1300,2
1300,2
1301,2
1301,2
1301,2
1307,2
1307,2
1307,2
1309,2
1309,2
1309,2
1309,2
1309,2
1314,2
1314,2
1315,2
1315,2
1315,2
1315,2
1315,2
1315,2
1318,3
1321,1
1321,1
1322,2
1322,2
1322,2
1326,3
1326,3
1337,3
1339,3
1341,2
1343,2
1346,2
1346,2
1346,2
1346,2
1346,2
1346,2
1346,2
1351,2
1351,2
1351,2
1351,2
1351,2
1351,2
1352,2
1354,2
1354,2
1377,2
1377,2
1378,2
1378,2
1379,3
1380,2
1380,2
1380,2
1384,2
1385,2
1385,2
1385,2
1385,2
1389,2
1389,2
1389,2
1389,2
1394,3
1394,3
1394,3
1394,3
1398,2
1398,2
1400,3
1402,2
1406,2
1406,2
1406,2
1407,2
1407,2
1408,3
1408,3
1408,3
1412,2
1412,2
1412,2
1414,3
1414,3
1417,2
1417,2
1417,2
1418,2
1418,2
1418,2
1418,2
1418,2
1418,2
1419,3
1419,3
1419,3
1419,3
1419,3
1420,2
1421,2
1421,2
1421,2
1421,2
1423,2
1423,2
1423,2
1425,2
1425,2
1427,2
1427,2
1427,2
1427,2
1427,2
1427,2
1430,3
2010,3
2027,3
2027,3
2027,3
2027,3
2031,1
2031,1
2042,3
2042,3
2042,3
2042,3
2057,3
729,2
2099,3
2099,3
2099,3
2106,1
2109,3
2109,3
2119,3
2119,3
2124,3
2125,1
2125,1
2130,1
2138,3
2138,3
2150,1
2151,3
2153,1
2153,1
2153,1
2164,1
2164,1
2167,3
2167,3
2167,3
2168,3
2171,3
2171,3
2171,3
2184,3
2184,3
2187,3
2190,1
2190,1
2190,1
2191,1
2191,1
2193,3
2194,2
2196,3
2196,3
2201,1
2201,1
2205,3
2216,3
2216,3
2216,3
2219,1
2219,1
2220,1
2240,1
2240,1
2245,1
2245,1
2245,1
2248,3
2248,3
2248,3
2263,1
2263,1
2263,1
2274,3
2274,3
2274,3
2284,1
2301,1
2301,1
2304,3
2304,3
2332,1
2332,1
2332,1
2336,1
2357,3
2357,3
2357,3
2360,1
2373,3
2373,3
2373,3
2374,3
2376,1
2378,1
2398,1
2398,1
2405,1
2405,1
2407,3
4007,3
4007,3
4014,3
4020,3
4024,2
4024,2
4028,3
4028,3
4028,3
4030,3
4032,3
4032,3
4032,3
4034,3
4039,2
4043,1
4050,3
729,2
4051,1
4051,1
4053,3
4053,3
4053,3
4054,1
4054,1
4057,3
4057,3
4059,1
4060,1
4060,1
4060,1
4072,3
4072,3
4073,3
4075,1
4075,1
4075,1
4076,2
4076,2
4077,1
4077,1
4077,1
4079,3
4082,3
4082,3
4084,1
4084,1
4090,3
4090,3
4090,3
4092,1
4094,2
4094,2
4094,2
4096,3
4096,3
4102,3
4104,1
4104,1
4104,1
4114,2
4114,2
4119,1
4120,3
4120,3
4125,1
4127,1
4127,1
4127,1
4128,2
4128,2
4131,3
4139,3
4143,3
4143,3
4146,3
4146,3
4146,3
4148,3
4151,3
4153,3
4153,3
4155,1
4157,3
4157,3
4158,3
4158,3
4158,3
4160,3
4160,3
4167,2
4168,3
4168,3
4169,3
4169,3
4172,1
4172,1
4173,3
4173,3
4174,1
4184,1
4185,1
4185,1
4188,3
4188,3
4189,3
4189,3
4197,3
4198,3
4198,3
4198,3
4200,1
4200,1
4200,1
4201,2
4202,3
4202,3
4202,3
4203,3
4205,1
4205,1
4208,1
4208,1
4208,1
4211,3
4211,3
4212,1
4212,1
4214,1
4216,1
4216,1
4216,1
4218,1
4218,1
4218,1
4222,3
4222,3
685,2
4225,3
4225,3
4229,1
4229,1
4232,1
4232,1
4235,3
4235,3
4240,3
4240,3
658,2
4245,3
4250,3
4250,3
4250,3
4251,3
4252,3
4252,3
4252,3
4255,3
4255,3
4256,1
4256,1
4256,1
4257,2
4258,3
4259,3
4262,1
4262,1
4269,2
4269,2
621,2
4276,1
4276,1
4276,1
4277,3
621,2
4277,3
4280,3
566,3
4281,3
4281,3
4285,3
4285,3
4290,3
4291,1
4291,1
4291,1
4292,3
4293,3
4293,3
4294,3
4294,3
4303,3
493,1
4313,3
4313,3
4332,1
4335,1
4335,1
4335,1
4337,1
4339,3
4339,3
4340,1
4343,3
4343,3
4348,2
488,2
4353,2
4363,3
4365,3
4365,3
4365,3
4367,3
4367,3
4367,3
4382,3
4382,3
4383,1
4383,1
4391,1
4391,1
4391,1
4392,3
4392,3
4394,3
4394,3
4403,1
4405,1
4405,1
4406,1
4408,1
4410,3
4410,3
4410,3
4414,3
4414,3
4414,3
4419,3
4419,3
4420,1
4420,1
4421,1
4421,1
4421,1
4422,1
4422,1
4422,1
4423,1
4423,1
4424,1
4424,1
4426,1
4431,3
4438,1
4438,1
4441,1
433,2
4445,3
4447,3
4447,3
4449,3
4453,3
4455,1
4456,1
4462,3
4462,3
4463,3
4463,3
4463,3
4466,3
4466,3
4467,3
4467,3
4467,3
4469,3
4469,3
4473,1
4473,1
4473,1
4474,3
4474,3
4475,3
4477,2
4480,1
4480,1
4480,1
4488,1
4488,1
4491,3
4491,3
4491,3
4494,3
4494,3
4494,3
4500,3
4500,3
4515,2
4520,1
4520,1
4520,1
4521,3
4521,3
4522,1
4522,1
4526,3
4526,3
4530,1
4536,3
4539,1
413,2
4540,3
4546,2
4548,3
389,3
4549,3
4549,3
4549,3
4558,1
4558,1
4558,1
4562,1
4562,1
4565,1
4565,1
4566,1
4568,3
4568,3
4582,3
4582,3
4582,3
4589,3
4589,3
4590,2
4590,2
4591,3
4591,3
389,3
4597,2
4597,2
4599,1
4601,1
4604,1
4605,1
4605,1
4609,1
4613,1
4613,1
4626,3
4629,3
4636,3
4638,1
4638,1
4641,1
4641,1
4645,1
4646,1
4646,1
4657,3
4657,3
4657,3
4660,3
4672,2
4672,2
4672,2
4676,1
4676,1
4679,3
4679,3
4680,2
4680,2
4686,3
4689,2
4689,2
4689,2
4692,3
4696,2
4696,2
4706,3
4707,3
4718,3
4728,3
4730,3
4743,3
4746,3
4746,3
4755,3
4772,3
4802,1
4802,1
4803,1
4804,1
127,2
4814,1
4814,1
4823,3
4827,3
4843,1
4845,2
4845,2
4852,1
4852,1
4863,3
4863,3
4892,1
4894,2
4894,2
4899,3
4899,3
4900,1
4900,1
4905,3
4909,3
4911,3
4912,3
4912,3
4920,3
108,2
4921,3
4921,3
4922,3
4929,3
4938,3
4940,3
4945,3
4949,3
4952,3
4952,3
4954,3
4955,1
4958,1
4959,3
4960,2
4960,2
4962,1
4964,3
4982,2
4984,2
4985,1
4985,1
4994,3
5006,2
5012,2
5012,2
5015,3
5018,3
5019,2
5019,2
5026,3
5027,3
5031,1
5054,3
5056,3
5058,2
5059,3
5063,3
5070,2
5071,2
5078,3
5079,1
5082,1
5083,1
5087,2
5097,3
5099,3
5100,3
5109,1
5112,3
5119,3
5129,1
5131,1
5138,3
5140,3
5141,3
5153,1
4929,3
5160,3
4728,3
23,2
5096,3
5102,2
5015,3
23,2
5038,1
4020,3
2357,3
4057,3
5199,1
4671,1
4707,3
5157,1
5177,1
5210,1
5202,3
4060,1
5165,1
5166,1
5203,1
21,2
5205,2
5167,1
2109,3
4072,3
5235,3
5198,1
5123,3
4976,1
4094,2
4976,1
4960,2
5242,3
4912,3
4909,3
4892,1
5214,3
2378,1
4867,2
2031,1
2010,3
4756,3
4746,3
4743,3
4904,3
4729,3
4686,3
4679,3
4671,1
4668,1
4645,1
4613,1
4584,3
4119,1
4114,2
2398,1
4565,1
4553,3
4539,1
4536,3
4530,1
4522,1
4521,3
4483,3
5219,1
4483,3
5234,1
4475,3
4475,3
4462,3
4082,3
4455,1
4453,3
4449,3
4447,3
4442,1
4420,1
4128,2
5158,1
5244,1
5253,1
4077,1
4394,3
4383,1
5059,3
4379,3
4363,3
4363,3
4348,2
5261,1
4340,1
4337,1
4337,1
5259,1
4313,3
4856,1
4293,3
4292,3
4292,3
4290,3
4281,3
4278,1
5227,1
5213,2
5269,1
4262,1
4259,3
4257,2
4255,3
4250,3
4232,1
4863,3
5063,3
4229,1
4229,1
4167,2
4225,3
4219,3
4219,3
4218,1
4217,3
5078,3
4217,3
4217,3
4216,1
4820,2
4905,3
4909,3
5243,1
4205,1
4894,2
4205,1
4199,2
4199,2
4199,2
4197,3
4197,3
4192,2
4174,1
4173,3
4172,1
4143,3
4158,3
4195,3
4170,1
4170,1
4169,3
4638,1
4853,3
4168,3
4167,2
4159,1
5082,1
4157,3
5277,1
4153,3
4153,3
4151,3
4146,3
4143,3
5087,2
4139,3
4133,1
4131,3
4131,3
4128,2
4127,1
4125,1
4120,3
4120,3
4105,1
4104,1
4097,1
4092,1
4092,1
4092,1
4084,1
4079,3
4079,3
4079,3
4076,2
4184,1
4076,2
4075,1
4057,3
4051,1
4051,1
4043,1
4043,1
4042,2
4039,2
4030,3
4020,3
4020,3
4014,3
4862,1
5007,1
4007,3
4007,3
4159,1
2405,1
2391,2
2391,2
2381,3
2381,3
2374,3
2373,3
2360,1
2336,1
2336,1
5290,1
2304,3
2304,3
2301,1
2301,1
21,2
2248,3
2245,1
2220,1
2220,1
2219,1
2219,1
2205,3
2205,3
2205,3
2194,2
2193,3
2191,1
2190,1
2187,3
2187,3
2187,3
2184,3
2168,3
2167,3
2164,1
2164,1
2153,1
2151,3
2151,3
2150,1
4235,3
2130,1
2119,3
2119,3
2109,3
2106,1
2099,3
2070,2
2058,1
2010,3
2010,3
2010,3
1300,2
1268,2
1268,2
1261,3
1261,3
1261,3
1241,2
1186,2
1186,2
1169,3
1155,2
1155,2
1098,2
1072,2
5292,1
5100,3
5071,2
5070,2
5054,3
5015,3
5006,2
4992,2
4984,2
4958,1
4952,3
4949,3
4940,3
4904,3
4887,1
4852,1
4814,1
4783,3
4542,3
4442,1
4406,1
4382,3
4343,3
4294,3
4285,3
4269,2
4259,3
4214,1
4212,1
4211,3
4200,1
4185,1
4168,3
4151,3
4042,2
4032,3
2407,3
2405,1
2109,3
994,2
934,2
626,2
68,1
156,2
1425,2
21,2
4090,3
7,3
15,2
21,2
21,2
23,2
31,1
31,1
33,2
33,2
33,2
33,2
41,2
41,2
44,3
54,2
57,2
66,2
74,1
78,2
86,2
86,2
89,2
93,2
102,2
102,2
107,2
108,2
116,2
118,2
123,3
123,3
123,3
130,2
135,2
135,2
135,2
135,2
139,2
141,2
149,3
149,3
149,3
155,2
158,1
158,1
160,2
167,2
169,2
169,2
169,2
169,2
171,2
184,2
190,2
196,2
196,2
205,2
219,2
227,3
227,3
227,3
227,3
229,2
232,2
241,2
249,2
249,2
249,2
249,2
256,2
260,2
269,2
269,2
290,3
290,3
290,3
290,3
293,3
293,3
293,3
293,3
293,3
294,2
294,2
299,1
303,3
311,2
311,2
311,2
311,2
314,2
316,2
316,2
316,2
321,2
326,2
326,2
326,2
327,2
327,2
335,2
336,2
337,2
337,2
337,2
337,2
343,2
351,2
351,2
354,3
354,3
362,2
362,2
362,2
372,2
372,2
376,2
386,2
386,2
386,2
389,3
390,2
390,2
390,2
393,2
423,3
423,3
423,3
424,2
431,3
431,3
434,2
441,2
441,2
446,3
446,3
446,3
459,2
461,2
464,2
464,2
467,3
470,3
481,2
501,1
501,1
501,1
501,1
520,1
520,1
531,2
531,2
539,2
546,2
546,2
553,1
553,1
554,2
554,2
555,1
555,1
555,1
555,1
557,2
563,2
563,2
565,2
572,3
572,3
572,3
572,3
576,3
588,2
605,2
605,2
606,2
607,2
610,2
611,2
621,2
621,2
622,2
622,2
625,2
631,2
634,3
642,3
643,2
643,2
643,2
648,2
648,2
648,2
649,2
657,2
658,2
668,2
668,2
668,2
673,3
673,3
673,3
675,2
675,2
675,2
684,3
690,3
696,2
696,2
711,2
711,2
711,2
722,3
722,3
723,2
724,2
724,2
729,2
729,2
730,2
752,3
752,3
752,3
752,3
752,3
752,3
752,3
753,2
759,3
769,2
770,2
778,2
783,3
784,3
784,3
784,3
784,3
800,2
800,2
800,2
800,2
812,2
814,2
824,3
830,2
830,2
830,2
830,2
830,2
830,2
830,2
839,2
841,2
844,2
844,2
844,2
853,3
860,2
861,2
863,3
869,2
873,2
878,2
878,2
880,2
886,2
887,2
887,2
891,2
891,2
898,2
914,3
914,3
921,2
922,2
925,2
925,2
938,3
938,3
945,2
945,2
945,2
951,1
952,2
956,2
972,2
972,2
972,2
981,2
984,2
984,2
985,2
985,2
994,2
997,2
1002,2
1002,2
1002,2
1002,2
1027,2
1035,2
1045,3
1045,3
1054,2
1054,2
1059,2
1066,2
1066,2
1066,2
1074,3
1080,2
1080,2
1080,2
1090,2
1090,2
1090,2
1102,2
1104,2
1114,2
1114,2
1114,2
1119,2
1119,2
1120,2
1120,2
1120,2
1126,3
1140,2
1140,2
1155,2
1155,2
1168,3
1169,3
1183,2
1183,2
1183,2
1186,2
1186,2
1188,2
1188,2
1188,2
1197,2
1197,2
1201,3
1202,3
1205,3
1212,1
1213,2
1225,2
1225,2
1242,2
1245,2
1246,1
1246,1
1246,1
1254,3
1261,3
1261,3
1261,3
1289,3
1299,2
1314,2
1314,2
1314,2
1318,3
1318,3
1318,3
1318,3
1318,3
1318,3
1321,1
1326,3
1334,2
1334,2
1339,3
1339,3
1341,2
1341,2
1341,2
1351,2
1352,2
1352,2
1384,2
1384,2
1384,2
1384,2
1393,2
1398,2
1400,3
1414,3
1414,3
1414,3
1414,3
1414,3
1414,3
1417,2
1421,2
1425,2
1425,2
1425,2
1430,3
2106,1
2119,3
2124,3
2124,3
2125,1
2125,1
2125,1
2130,1
2130,1
2153,1
2167,3
2168,3
2168,3
2193,3
2196,3
2196,3
2201,1
2219,1
2220,1
2240,1
2245,1
2263,1
2263,1
2274,3
2301,1
2332,1
2332,1
2336,1
2360,1
2374,3
2376,1
2381,3
2391,2
2391,2
2398,1
2407,3
2407,3
4014,3
4014,3
4015,3
4015,3
4028,3
4030,3
4039,2
4043,1
4073,3
4082,3
4086,1
4086,1
4086,1
4086,1
4096,3
4097,1
4102,3
4102,3
4105,1
4114,2
4119,1
4133,1
4148,3
4148,3
4148,3
4155,1
4155,1
4157,3
4160,3
4169,3
4173,3
4174,1
4185,1
4188,3
4188,3
4192,2
4192,2
4192,2
4197,3
4198,3
4203,3
4203,3
4208,1
4219,3
4222,3
4225,3
4232,1
4240,3
4240,3
4245,3
4245,3
4245,3
4252,3
4255,3
4258,3
4259,3
4262,1
4276,1
4277,3
4277,3
4280,3
4280,3
4281,3
4290,3
4290,3
4291,1
4292,3
4293,3
4297,3
4307,3
4307,3
4313,3
4327,1
4335,1
4338,3
4338,3
4339,3
4339,3
4363,3
4367,3
4379,3
4379,3
4383,1
4391,1
4392,3
4394,3
4405,1
4405,1
4410,3
4419,3
4421,1
4422,1
4426,1
4433,1
4441,1
4441,1
4441,1
4445,3
4445,3
4445,3
4453,3
4455,1
4462,3
4463,3
4466,3
4467,3
4469,3
4473,1
4477,2
4477,2
4483,3
4491,3
4494,3
4500,3
4500,3
4515,2
4522,1
4526,3
4526,3
4530,1
4536,3
4539,1
4542,3
4542,3
4548,3
4548,3
4553,3
4566,1
4568,3
4590,2
4604,1
4604,1
4605,1
4615,3
4615,3
4625,3
4625,3
4626,3
4626,3
4629,3
4636,3
4641,1
4645,1
4646,1
4660,3
4660,3
4688,1
4688,1
4706,3
4707,3
4718,3
4718,3
4729,3
4729,3
4730,3
4745,1
4755,3
4755,3
4756,3
4772,3
4774,3
4774,3
4783,3
4801,3
4801,3
4802,1
4804,1
4807,1
4807,1
4807,1
4823,3
4823,3
4827,3
4843,1
4859,1
4867,2
4887,1
4892,1
4897,3
4897,3
4897,3
4899,3
4900,1
4903,3
4903,3
4905,3
4911,3
4911,3
4920,3
4920,3
4921,3
4922,3
4922,3
4929,3
4938,3
4938,3
4940,3
4943,1
4945,3
4954,3
4955,1
4955,1
4958,1
4962,1
4962,1
4964,3
4964,3
4966,1
4966,1
4982,2
4984,2
4985,1
5006,2
5007,1
5007,1
5012,2
5018,3
5018,3
5019,2
5026,3
5026,3
5027,3
5027,3
5028,2
5028,2
5032,3
5032,3
5038,1
5038,1
5054,3
5057,1
5058,2
5058,2
5062,1
5063,3
5066,1
5066,1
5066,1
5067,3
5067,3
5067,3
5071,2
5078,3
5079,1
5082,1
5091,1
5093,3
5093,3
5095,1
5095,1
5109,1
5110,1
5118,1
5126,3
5127,1
5142,3
5162,1
5169,3
5176,3
5185,1
5187,3
5194,3
5196,3
5197,1
5228,1
5237,1
5242,3
5252,2
5252,2
5266,1
5273,1
4521,3
4959,3
5087,2
5097,3
5095,1
2304,3
4553,3
4599,1
2216,3
4539,1
4604,1
4945,3
5093,3
4466,3
5079,1
4480,1
4536,3
4542,3
4959,3
186,2
4447,3
4568,3
5100,3
1261,3
4432,1
4562,1
4566,1
4582,3
4584,3
5083,1
5131,1
4520,1
5109,1
4591,3
4625,3
5118,1
454,3
4414,3
4645,1
4680,2
5031,1
2191,1
4217,3
5057,1
5141,3
4565,1
5062,1
301,2
4365,3
4469,3
4641,1
5099,3
4657,3
4696,2
5127,1
5129,1
4636,3
413,2
4982,2
5126,3
5110,1
2336,1
5142,3
2373,3
4706,3
4676,1
4613,1
5123,3
5119,3
4689,2
4672,2
4626,3
4646,1
5096,3
4729,3
4679,3
5070,2
4660,3
4114,2
4807,1
1414,3
4843,1
4960,2
4929,3
4985,1
972,2
994,2
2219,1
1155,2
4945,3
2245,1
2220,1
2263,1
2130,1
2201,1
4447,3
5007,1
4521,3
2274,3
4394,3
4383,1
5066,1
89,2
4473,1
4522,1
2301,1
5078,3
5079,1
2304,3
5093,3
123,3
5082,1
5099,3
2216,3
1186,2
5100,3
4539,1
5097,3
5083,1
2332,1
4626,3
2191,1
2336,1
4455,1
4582,3
4015,3
5109,1
2187,3
5031,1
4014,3
4043,1
4424,1
5091,1
5110,1
5118,1
5126,3
5127,1
5142,3
2373,3
4030,3
5140,3
4028,3
4060,1
5169,3
5198,1
2360,1
5157,1
413,2
4414,3
5177,1
5214,3
21,2
454,3
467,3
566,3
934,2
1261,3
1414,3
2010,3
2184,3
2378,1
2381,3
2405,1
4020,3
4051,1
4072,3
4076,2
4077,1
4084,1
4086,1
4092,1
4094,2
4105,1
4114,2
4120,3
4125,1
4128,2
4143,3
4146,3
4158,3
4167,2
4168,3
4169,3
4170,1
4184,1
4185,1
4197,3
4200,1
4212,1
4214,1
4216,1
4222,3
4235,3
4278,1
4281,3
4293,3
4332,1
4431,3
4807,1
4823,3
4862,1
4952,3
5131,1
5153,1
5158,1
5166,1
5167,1
5176,3
5185,1
5194,3
5197,1
5203,1
5213,2
5219,1
5227,1
5228,1
5234,1
5237,1
5242,3
5243,1
5244,1
5253,1
5259,1
5266,1
5269,1
5273,1
5277,1
5290,1
5292,1
5202,3
2407,3
4422,1
4488,1
